Country;Bending;Reuse;Variance;Covariance;Year;Exports;Imports;Consumption;Max Flow
AUS;0.254980469;0.174424799;5.39E-05;-2.45E-04;1995;73925.30251;70489.1346;365670.6823;42787.91691
AUT;0.483984375;0.362292286;1.99E-04;1.90E-04;1995;70221.19148;75260.69701;229063.5025;42874.6241
BEL;0.451953125;0.470329242;1.29E-04;-2.13E-04;1995;177513.7334;155354.0442;250444.0181;99869.07416
BGR;0.467578125;0.489270012;1.36E-04;-1.78E-04;1995;5721.267127;5490.238236;12927.70291;3984.727339
BRA;0.498144531;0.197734376;1.98E-04;0.003452223;1995;55919.07667;63624.57394;732545.7495;37090.1758
CAN;0.430859375;0.323951513;2.42E-04;0.001514322;1995;212586.2474;183666.0116;540625.8928;104314.257
CHN;0.301855469;0.256408915;1.02E-04;-0.004964696;1995;167973.8258;142146.1832;708549.5239;97007.64844
CYP;0.597265625;0.444161764;3.31E-04;-2.38E-04;1995;2020.35783;3903.819594;10594.49838;1558.13813
CZE;0.334765625;0.428351146;8.41E-05;-0.003046499;1995;25501.35644;27596.01642;55608.07591;17929.37673
DEU;0.487890625;0.284093981;1.49E-04;-4.43E-04;1995;577907.2126;504027.5451;2316427.374;278642.0625
DNK;0.468359375;0.334719765;1.63E-04;8.50E-04;1995;63435.72017;53811.49765;157507.8665;30717.58627
ESP;0.467578125;0.335917306;3.06E-04;-4.82E-04;1995;109520.28;124770.1182;588779.2591;76829.49488
EST;0.403515625;0.510763354;7.85E-05;-0.001100307;1995;2167.330895;2546.418042;3993.295807;1551.362342
FIN;0.372265625;0.306219086;1.06E-04;-2.21E-04;1995;46602.19276;35247.6711;110996.6247;23659.64646
FRA;0.540917969;0.339814036;5.65E-04;-0.001941691;1995;334641.9536;302123.14;1435498.913;177218.3101
GBR;0.397265625;0.284851422;8.08E-05;-5.62E-04;1995;302968.852;286045.4014;1087567.19;160954.0255
GRC;0.547949219;0.340562718;5.88E-04;-6.56E-05;1995;9809.700848;27379.00219;142931.265;9243.966805
HUN;0.443359375;0.468771288;9.78E-05;0.001204435;1995;16317.30961;18351.74507;44123.30835;12893.69117
IDN;0.304296875;0.227984285;1.20E-04;1.06E-04;1995;54138.45938;52847.54595;242448.2825;34829.20276
IND;0.399609375;0.212792367;1.84E-04;6.75E-04;1995;42190.44811;43742.13845;372604.4181;31182.73583
IRL;0.307421875;0.441365142;8.93E-05;6.69E-06;1995;47267.14357;37802.95242;53031.92951;25531.11293
ITA;0.490234375;0.350704376;3.03E-04;0.001182648;1995;264094.0537;228255.4487;1038030.084;145282.5681
JPN;0.427734375;0.129954182;1.27E-04;0.001319293;1995;483962.0227;361449.0281;5129857.987;219408.7157
KOR;0.387890625;0.3404364;3.78E-04;-4.13E-04;1995;148197.7393;140581.4309;507108.5519;98962.90901
LTU;0.455859375;0.477763535;1.08E-04;6.66E-04;1995;2833.935998;3526.513506;7078.888485;1987.1016
LUX;0.342578125;0.480273013;9.76E-05;-1.71E-04;1995;19400.98943;15701.54881;15950.53611;10291.35813
LVA;0.340234375;0.349301977;7.33E-05;1.20E-04;1995;1908.484201;2022.776806;4777.441884;1167.736691
MEX;0.567578125;0.405455412;6.33E-04;-2.75E-05;1995;80757.94737;71714.19744;309626.0159;48652.14223
MLT;0.635839844;0.67635878;1.41E-04;6.92E-04;1995;2216.041599;3077.557743;4312.574284;1754.532449
NLD;0.384765625;0.39367215;1.24E-04;-0.001279664;1995;218027.0858;183512.6202;367665.06;119066.3961
POL;0.440234375;0.303127075;1.12E-04;6.74E-04;1995;32273.09068;27947.92359;127271.9549;17311.30721
PRT;0.501074219;0.424049156;2.00E-04;-3.38E-04;1995;27640.93422;36177.39647;114843.4791;21312.24937
ROM;0.372265625;0.346645282;2.06E-04;-3.01E-04;1995;9015.426508;10941.06868;38474.9626;7132.383499
RUS;0;0.067934033;8.83E-06;1.01E-04;1995;82173.13337;64887.05587;306832.6605;25511.58777
RoW;0.447265625;0.368864038;5.49E-04;-2.54E-06;1995;701304.8023;1059345.142;3458102.245;600340.6252
SVK;0.309765625;0.405973605;6.78E-05;-5.31E-04;1995;10351.61692;9971.941132;18649.92648;6406.364541
SVN;0.423828125;0.448352329;1.57E-04;-0.0012328;1995;9272.355927;9797.411315;19915.21937;6041.702318
SWE;0.380859375;0.33015391;1.34E-04;6.96E-05;1995;96725.52382;75831.34947;217487.3568;50177.58351
TUR;0.535644531;0.315449758;2.85E-04;0.002892901;1995;28373.26032;36307.75215;231600.4013;22553.66621
TWN;0.372265625;0.403696978;1.53E-04;-9.93E-04;1995;126915.3012;115491.2051;260790.0727;73726.63395
USA;0.455859375;0.178535871;2.25E-04;0.002749281;1995;765225.3694;836252.8145;7520856.102;457753.211
AUS;0.269042969;0.175539977;6.35E-05;-7.61E-04;1996;83143.70625;76231.17662;403683.8398;46021.98164
AUT;0.481640625;0.372323143;1.92E-04;-1.11E-04;1996;71629.42041;77186.74942;225115.0756;43995.00358
BEL;0.451953125;0.473329493;1.32E-04;-1.24E-04;1996;173479.3799;152499.6371;242873.7006;98031.59106
BGR;0.363671875;0.438506183;1.19E-04;0.001030059;1996;7358.520603;6176.155593;12589.07568;4521.759423
BRA;0.531542969;0.225314087;3.07E-04;-0.004854836;1996;55162.19728;66099.97388;804175.3662;40568.67139
CAN;0.414453125;0.316521105;2.21E-04;-1.56E-05;1996;227124.7032;191782.1966;557047.9102;109336.8937
CHN;0.301855469;0.237864853;9.92E-05;-0.005119768;1996;171683.6608;143958.4356;835133.8631;99548.39674
CYP;0.618261719;0.479563989;3.61E-04;0.00200113;1996;2132.448335;4188.432093;10875.51426;1740.836722
CZE;0.303515625;0.39811923;6.47E-05;-9.97E-04;1996;27102.95534;30603.80707;63209.35849;19354.98847
DEU;0.483984375;0.282279827;1.57E-04;3.90E-04;1996;581114.497;498306.4962;2228111.857;273695.9649
DNK;0.462890625;0.33009984;1.55E-04;-2.42E-04;1996;64834.83204;53513.5597;157450.586;30883.42693
ESP;0.456640625;0.328137563;2.79E-04;-7.60E-04;1996;121019.9069;133889.7111;610227.7832;80803.71589
EST;0.437890625;0.514664933;9.25E-05;-7.12E-04;1996;2402.301004;3144.991325;5250.461392;1811.083074
FIN;0.362890625;0.30774932;1.22E-04;-6.89E-04;1996;46729.95835;36045.81386;109446.4255;23786.96859
FRA;0.555859375;0.34134959;5.91E-04;0.001074161;1996;339102.4332;302975.8419;1446853.165;182586.455
GBR;0.397265625;0.290834112;8.32E-05;-0.001178174;1996;334168.1811;313056.0074;1139229.337;175437.5982
GRC;0.556640625;0.347775129;6.44E-04;-8.89E-04;1996;10151.8077;29656.00415;151374.3201;9555.021324
HUN;0.437890625;0.479392759;1.22E-04;-9.31E-04;1996;17439.83085;19801.57442;45337.04271;14114.76803
IDN;0.287207031;0.218127079;1.06E-04;0.001029281;1996;61053.57409;58053.24763;277542.7109;39408.34194
IND;0.412890625;0.217362574;2.01E-04;-0.002114865;1996;44308.73586;45931.41721;394867.2874;32434.90863
IRL;0.312890625;0.44295415;1.13E-04;-9.39E-04;1996;52335.35244;41997.39249;58906.43571;28334.3839
ITA;0.477734375;0.319146959;2.91E-04;5.34E-04;1996;284159.0377;232407.0025;1148930.419;145825.3757
JPN;0.437890625;0.152046239;1.56E-04;-0.004827533;1996;455957.5842;378258.2867;4543004.758;230157.5919
KOR;0.422265625;0.373185752;4.61E-04;-7.04E-04;1996;154773.7847;157516.0102;554234.9279;109917.6278
LTU;0.465234375;0.480336101;1.37E-04;0.001543752;1996;3562.316043;4409.395423;8824.306272;2468.064857
LUX;0.334765625;0.501350356;9.30E-05;-3.15E-04;1996;20028.55714;16564.07421;16107.99477;11147.51195
LVA;0.359765625;0.375496034;9.66E-05;-2.90E-04;1996;2300.413295;2566.324438;5614.221063;1469.608929
MEX;0.562109375;0.416399027;5.99E-04;0.002805864;1996;99275.95422;89773.4419;356026.9034;61096.40397
MLT;0.621191406;0.642749127;1.21E-04;-5.57E-04;1996;2118.262669;2989.78809;4382.631644;1617.992103
NLD;0.383984375;0.397362689;1.35E-04;3.23E-04;1996;217152.7181;184335.7634;367781.1354;120140.5013
POL;0.455859375;0.332447547;1.28E-04;0.001381576;1996;34981.32934;35401.54585;148532.5362;21487.62164
PRT;0.501074219;0.422653923;1.96E-04;-0.001555766;1996;29019.01898;38006.28633;119754.4895;22211.15929
ROM;0.344140625;0.366399734;1.93E-04;-9.34E-04;1996;9424.892373;12150.28824;38844.29106;8177.193926
RUS;0;0.06151379;8.75E-06;-0.00178823;1996;89997.79085;66316.47807;366586.9194;27868.98069
RoW;0.430859375;0.354542895;5.83E-04;0.001213318;1996;776487.3736;1117278.992;3651165.057;630399.4391
SVK;0.406640625;0.508587925;1.24E-04;-4.29E-04;1996;10209.78794;12268.0236;22565.62671;7978.26531
SVN;0.407421875;0.431002576;1.60E-04;1.63E-04;1996;9285.342012;9722.747952;20034.7914;5913.431579
SWE;0.380078125;0.320323293;1.41E-04;-0.001236014;1996;102366.6961;79890.61551;237781.8519;52178.36087
TUR;0.519824219;0.314394546;2.63E-04;-9.55E-04;1996;35392.84755;45857.66369;253691.2793;26948.30639
TWN;0.375390625;0.388933086;1.41E-04;-9.92E-04;1996;133807.5701;116964.7279;271537.5777;73685.22323
USA;0.450390625;0.176770024;2.18E-04;-2.05E-04;1996;816263.6194;892267.2218;7952293.129;488823.6778
AUS;0.300390625;0.191734048;6.63E-05;-0.001102862;1997;85657.67315;82714.63672;409463.087;47777.68403
AUT;0.462890625;0.369657443;1.50E-04;-0.002128619;1997;71205.54041;73026.51982;197266.4123;41527.72136
BEL;0.437890625;0.47456376;1.32E-04;-2.84E-04;1997;164690.6845;143810.0966;218800.4201;93094.47286
BGR;0.396484375;0.485610098;1.13E-04;6.00E-04;1997;6196.350183;5302.774964;9774.112167;3978.111099
BRA;0.530957031;0.223890744;3.08E-04;9.87E-04;1997;59446.55245;73317.60839;838911.4643;42661.89323
CAN;0.419140625;0.337449982;2.26E-04;-0.001544733;1997;240964.0644;215113.2362;589860.2739;122736.7672
CHN;0.269042969;0.219489553;6.13E-05;-2.82E-04;1997;207239.2135;152472.9308;906726.5527;113921.4569
CYP;0.627050781;0.493714326;3.71E-04;-0.001506894;1997;2076.421043;4019.550981;10386.33327;1727.569797
CZE;0.323828125;0.4360304;7.22E-05;-5.34E-04;1997;26967.13733;29732.22021;58586.87296;19986.05964
DEU;0.472265625;0.28902078;1.48E-04;-4.17E-04;1997;569372.663;483107.5825;1967672.119;265773.4895
DNK;0.446484375;0.326862785;1.58E-04;9.52E-04;1997;59901.04041;50842.6571;146919.6243;29412.52409
ESP;0.458203125;0.341071869;2.52E-04;-3.62E-04;1997;125440.9233;135377.5676;559745.9497;81379.06991
EST;0.408984375;0.517991334;7.64E-05;4.07E-04;1997;3067.436959;3766.490322;5537.228075;2209.560799
FIN;0.370703125;0.319260642;1.17E-04;-1.88E-04;1997;46493.84444;35691.45949;104445.6647;23744.90315
FRA;0.545605469;0.337884519;5.53E-04;-0.002753244;1997;338361.9538;287321.7819;1295748.436;173760.9931
GBR;0.398828125;0.276930052;8.46E-05;-8.17E-04;1997;362418.1113;330836.7901;1254296.44;180164.6624
GRC;0.591015625;0.387995504;6.58E-04;-2.35E-04;1997;11542.93582;30845.72429;147126.5306;10780.37378
HUN;0.488671875;0.537656477;1.46E-04;1.50E-04;1997;20632.60493;22427.26055;46021.53416;16416.60435
IDN;0.319140625;0.247222015;1.02E-04;-9.83E-05;1997;64405.78675;60132.03318;277335.7507;42002.94689
IND;0.405859375;0.214167583;2.01E-04;7.44E-04;1997;47568.32646;49032.76208;428621.1045;35813.98634
IRL;0.306640625;0.439967342;1.26E-04;-5.64E-04;1997;58755.98122;46212.12153;63627.42298;31441.04989
ITA;0.481640625;0.33471066;3.17E-04;-0.001036577;1997;273709.3201;232698.1985;1094974.711;144860.6963
JPN;0.437890625;0.162659056;1.74E-04;-1.19E-04;1997;464289.4367;364293.5556;4142119.649;228186.2909
KOR;0.432421875;0.396548262;4.59E-04;8.48E-04;1997;168162.0241;157672.5768;513109.4799;116375.3069
LTU;0.480078125;0.480515136;1.27E-04;-1.92E-04;1997;4464.893428;5563.631869;10525.90197;2930.639879
LUX;0.358984375;0.548687678;7.99E-05;3.17E-04;1997;19442.80068;16946.4129;15056.61469;11623.22692
LVA;0.361328125;0.362668936;1.07E-04;-1.53E-04;1997;2550.038065;2864.465508;6221.380604;1576.980747
MEX;0.594921875;0.448560363;6.05E-04;2.71E-04;1997;113398.0401;108932.4235;434114.0487;73680.98061
MLT;0.594921875;0.60625685;1.21E-04;1.73E-04;1997;2044.273041;2760.722234;4160.893656;1516.743906
NLD;0.394921875;0.413340704;1.29E-04;7.37E-04;1997;206768.1507;174567.5006;339191.0767;116680.41
POL;0.451171875;0.339822205;1.06E-04;0.001488007;1997;36927.2736;40806.63754;152612.5772;22913.02037
PRT;0.504003906;0.429850118;1.86E-04;8.79E-05;1997;28310.24239;37903.74341;115372.0384;21719.67108
ROM;0.369921875;0.373394029;1.77E-04;6.19E-04;1997;9716.802367;11887.9487;37148.0031;7584.833341
RUS;0;0.064489409;9.99E-06;-0.007635314;1997;87131.37815;69744.81281;381502.4192;30180.0039
RoW;0.4;0.323628231;5.79E-04;5.04E-04;1997;635985.0744;1044709.857;3779140.573;595221.7316
SVK;0.397265625;0.500414364;6.04E-05;-1.47E-04;1997;11021.22792;12608.45768;22225.80509;8007.446017
SVN;0.413671875;0.43736685;1.45E-04;6.24E-04;1997;9365.768662;9752.392584;19635.9712;5968.226885
SWE;0.383203125;0.338030024;1.44E-04;-5.72E-04;1997;101699.7712;78082.05815;215802.5154;52064.62852
TUR;0.469140625;0.29487721;2.38E-04;-0.001086131;1997;44182.52044;52401.37994;266665.3007;32186.87021
TWN;0.382421875;0.398478993;1.47E-04;2.89E-04;1997;141549.7847;126404.9276;285142.09;77962.39202
USA;0.451171875;0.176922841;2.21E-04;0.001018781;1997;902571.356;969989.9143;8439901.663;523894.8078
AUS;0.302734375;0.195110355;6.59E-05;4.66E-04;1998;71546.42096;74824.57618;370147.3469;42260.22378
AUT;0.456640625;0.368053926;1.28E-04;-8.92E-04;1998;77143.12285;76640.27493;200346.417;43302.8335
BEL;0.441796875;0.475297012;1.34E-04;1.23E-04;1998;162774.1136;144436.8326;226313.4507;92425.07964
BGR;0.437109375;0.460080097;9.21E-05;0.001676356;1998;5779.999576;5314.216899;11781.53523;3748.42289
BRA;0.532128906;0.224758363;3.30E-04;3.72E-04;1998;58540.88168;70462.45931;811565.141;40338.74817
CAN;0.413671875;0.341164288;1.97E-04;6.91E-04;1998;244423.6825;218842.6943;570410.0426;123106.9313
CHN;0.280175781;0.203798126;6.84E-05;7.11E-04;1998;207431.4183;152027.7865;971775.1186;105787.7608
CYP;0.604589844;0.452492944;3.59E-04;0.0011259;1998;2095.224018;4033.883796;11033.01912;1676.605396
CZE;0.343359375;0.442626551;9.40E-05;7.17E-04;1998;30641.16817;31512.80981;61100.00959;20936.56497
DEU;0.468359375;0.291818013;1.44E-04;0.001117299;1998;600858.4806;510269.0449;1986871.089;278025.9025
DNK;0.459765625;0.339276081;1.71E-04;-2.86E-04;1998;59002.91942;52477.11548;151669.2159;29998.58135
ESP;0.469921875;0.354517078;2.59E-04;0.001323406;1998;132596.0396;150396.2841;592499.1264;87335.06108
EST;0.393359375;0.509063948;8.41E-05;8.35E-04;1998;3484.31168;4203.450652;6250.227453;2499.741065
FIN;0.359765625;0.29915383;9.87E-05;-0.001066591;1998;48939.29474;36485.12293;109403.4611;23573.79476
FRA;0.545605469;0.342282673;5.40E-04;-0.001031454;1998;356010.326;308308.4108;1343417.955;182902.4795
GBR;0.398828125;0.26410371;7.65E-05;-0.001053589;1998;360645.8376;345103.0274;1368522.976;179634.4431
GRC;0.587109375;0.379620331;5.97E-04;1.92E-05;1998;11700.45204;32574.07397;149687.0662;10775.76862
HUN;0.530957031;0.594585417;1.75E-04;2.62E-04;1998;24583.80739;27128.31508;48309.56354;19902.98505
IDN;0.205859375;0.246609536;1.03E-04;6.16E-04;1998;49432.22666;36952.92651;100351.3302;22966.80776
IND;0.415234375;0.226716295;2.17E-04;0.001205881;1998;49617.25242;52971.8073;435023.4668;38256.43829
IRL;0.285449219;0.444080444;1.12E-04;-5.38E-04;1998;67689.9615;55125.43712;70640.97215;36573.95139
ITA;0.478515625;0.336892727;3.15E-04;-2.85E-04;1998;279199.7206;245836.9586;1121118.087;149106.0106
JPN;0.436328125;0.145230624;1.35E-04;-7.75E-04;1998;422241.1571;305787.9182;3742990.907;184836.0933
KOR;0.344921875;0.346754491;2.81E-04;0.001164279;1998;154804.5036;106221.7581;306462.6775;84296.89417
LTU;0.508105469;0.482085876;1.36E-04;-5.54E-04;1998;4172.678297;5658.863696;11910.40788;2936.364712
LUX;0.366796875;0.574259081;8.12E-05;9.33E-05;1998;21319.36192;18844.84493;15846.17882;13180.53207
LVA;0.381640625;0.392246997;1.45E-04;-7.28E-04;1998;2815.455854;3445.589372;6987.917667;1808.015622
MEX;0.587890625;0.453899414;5.72E-04;-4.63E-05;1998;121689.7673;124555.8212;466347.7972;80124.67291
MLT;0.583984375;0.609625565;1.10E-04;1.80E-04;1998;2297.177712;2924.439122;4318.27557;1696.849243
NLD;0.401953125;0.411053004;1.22E-04;-1.16E-04;1998;207986.0736;178706.4209;356685.8149;117218.8175
POL;0.459765625;0.367400667;1.54E-04;-0.002474413;1998;44720.55199;50367.11598;169413.7412;28555.57396
PRT;0.512207031;0.432896585;1.68E-04;0.0016087;1998;29811.21922;41710.36707;123401.3385;22931.27418
ROM;0.388671875;0.348051505;1.51E-04;8.09E-04;1998;9329.596716;12425.02012;42986.26961;7389.55859
RUS;0.024609375;0.089658444;1.14E-05;2.11E-04;1998;91285.05915;63704.54063;289317.2561;29320.52901
RoW;0.444140625;0.356585338;5.77E-04;-0.001341367;1998;643545.4012;1012170.875;3589887.003;580918.1178
SVK;0.399609375;0.50898919;6.87E-05;7.26E-04;1998;12467.78158;14211.73492;23430.39454;8788.013006
SVN;0.422265625;0.442891501;1.45E-04;-0.00123801;1998;10013.91034;10389.18147;20586.45448;6327.33703
SWE;0.390234375;0.352648467;1.36E-04;0.001124883;1998;104969.3781;83083.10339;218553.1596;55106.84433
TUR;0.465234375;0.271068244;3.22E-04;5.39E-04;1998;45068.07537;49810.63255;270332.8691;29321.97972
TWN;0.381640625;0.398442013;1.51E-04;-1.29E-04;1998;129585.4359;118725.5715;265147.1495;72133.09045
USA;0.449609375;0.1672257;1.99E-04;0.003852932;1998;864155.9129;987743.8527;8948873.967;514248.5906
AUS;0.324609375;0.208666245;6.38E-05;0.001137926;1999;82657.73042;85369.61768;401642.2487;47299.74285
AUT;0.447265625;0.363667697;1.23E-04;-8.41E-04;1999;78761.54591;77362.04039;197857.0354;43263.01582
BEL;0.443359375;0.475575639;1.38E-04;3.94E-04;1999;160458.5658;141951.6589;224291.7316;90971.53091
BGR;0.458203125;0.518253898;1.01E-04;-2.55E-04;1999;6949.756069;7204.363865;12531.33029;4864.222733
BRA;0.540332031;0.269801592;3.38E-04;9.22E-04;1999;55558.94453;60009.88848;560464.5812;37279.8832
CAN;0.394140625;0.335474401;1.68E-04;-2.58E-04;1999;276309.7035;238488.8346;601260.2737;135494.035
CHN;0.296582031;0.231779109;8.61E-05;0.006388052;1999;218500.9487;177255.9041;1050600.98;126393.3622
CYP;0.580078125;0.431793063;3.41E-04;-0.001349987;1999;2162.245147;4092.212092;11229.64487;1684.991185
CZE;0.342578125;0.442979759;8.99E-05;-6.58E-04;1999;30919.51447;31669.80181;59247.75758;20741.91247
DEU;0.469921875;0.306613248;1.66E-04;5.55E-05;1999;600302.8623;520999.8179;1952754.072;288012.2798
DNK;0.443359375;0.322184622;1.37E-04;4.81E-05;1999;63789.14184;52539.42918;148084.7549;29560.56307
ESP;0.484765625;0.370884898;2.70E-04;-5.32E-04;1999;134697.5598;164268.9613;617804.9368;93467.20761
EST;0.405859375;0.499212942;8.39E-05;0.001817594;1999;3304.565322;3740.893189;6012.836114;2306.599314
FIN;0.351171875;0.2950651;1.22E-04;4.24E-04;1999;49564.39404;36014.11466;108589.2916;23910.74198
FRA;0.546191406;0.348228602;5.97E-04;5.54E-04;1999;351545.1491;312844.666;1337767.514;183959.9131
GBR;0.394140625;0.262007336;8.58E-05;-0.001885054;1999;365501.0049;356517.8114;1412873.314;183557.0656
GRC;0.545019531;0.361543319;4.51E-04;6.73E-04;1999;16897.0862;37335.68868;152477.8793;13793.25391
HUN;0.533300781;0.611044137;1.56E-04;9.92E-04;1999;26340.25384;29157.66169;48855.96311;21012.49359
IDN;0.222265625;0.200926858;9.29E-05;-0.001456917;1999;51848.51819;37259.63484;152232.3077;24751.60329
IND;0.456640625;0.271208926;3.35E-04;-3.39E-04;1999;55007.25421;59759.28484;465227.3649;46330.45594
IRL;0.269628906;0.449975741;8.60E-05;7.69E-04;1999;79579.02715;63494.40068;75612.35147;42970.19517
ITA;0.469140625;0.335450734;3.46E-04;-1.76E-04;1999;267446.1124;248998.5014;1117033.42;146527.2929
JPN;0.444140625;0.142387418;1.47E-04;-0.001571902;1999;449039.9644;332977.6957;4248719.002;196860.9143
KOR;0.402734375;0.381101844;3.69E-04;8.29E-04;1999;166448.6521;130177.744;410783.1783;100507.8726
LTU;0.519824219;0.458337759;1.31E-04;-6.15E-04;1999;3530.441933;4855.910844;11461.56674;2517.079316
LUX;0.334765625;0.576418084;6.12E-05;-6.89E-04;1999;24659.51873;21572.06919;16901.14169;15286.43495
LVA;0.359765625;0.337835298;1.34E-04;-6.06E-05;1999;2697.957907;3166.02198;7396.155811;1642.85209
MEX;0.587109375;0.450168235;5.63E-04;0.001717676;1999;140102.4491;140646.907;527088.0382;90953.60611
MLT;0.587109375;0.621607113;1.13E-04;7.76E-04;1999;2486.676154;3136.085302;4396.682498;1838.638336
NLD;0.397265625;0.409399241;1.23E-04;-2.54E-04;1999;212322.0943;184993.3024;365732.5447;120184.5405
POL;0.487890625;0.395338435;1.85E-04;-2.61E-04;1999;40164.01398;47847.68809;166385.5679;27020.19677
PRT;0.508105469;0.423235926;1.63E-04;-3.32E-04;1999;29866.78354;43418.06506;127450.5093;22394.63432
ROM;0.319140625;0.311346023;1.15E-04;-4.96E-04;1999;9671.496321;11308.97597;36470.30033;6426.762411
RUS;0;0.097302954;1.28E-05;-0.006574335;1999;73610.60082;40972.58719;151148.7584;20662.07071
RoW;0.412109375;0.33857913;5.12E-04;0.001097216;1999;824736.1447;1054353.076;3486683.834;643263.0158
SVK;0.384765625;0.48674589;7.76E-05;-8.04E-04;1999;11639.41448;12105.04929;20114.06969;7606.800048
SVN;0.424609375;0.433249478;1.52E-04;3.40E-05;1999;9573.697772;10471.02854;21511.93815;6151.3018
SWE;0.412890625;0.372507753;1.66E-04;-0.001679302;1999;107075.3211;85453.43044;222384.696;57559.85427
TUR;0.512207031;0.323284901;3.08E-04;0.001804286;1999;40944.05528;45700.19257;257564.5237;28362.91311
TWN;0.393359375;0.394716873;1.61E-04;1.40E-04;1999;140576.3744;125228.8905;282906.4881;76166.71295
USA;0.462109375;0.18079137;2.43E-04;0.005113037;1999;889289.0804;1111816.713;9609265.675;570581.6797
AUS;0.312109375;0.204830585;6.28E-05;8.63E-04;2000;90273.74643;83571.79432;376251.4077;46240.42092
AUT;0.433984375;0.377495977;1.18E-04;2.93E-04;2000;78442.82273;75856.15418;178951.7281;44051.91556
BEL;0.425390625;0.497741071;1.13E-04;-9.71E-04;2000;161850.1871;147219.9575;208391.4283;96544.95884
BGR;0.433984375;0.499126421;1.16E-04;2.49E-04;2000;6339.866866;6601.363981;12258.74641;4424.897317
BRA;0.521582031;0.285653388;3.19E-04;0.002361349;2000;64412.27851;71432.03616;612024.9184;47023.42491
CAN;0.377734375;0.331339524;1.75E-04;0.001342019;2000;319788.3388;263380.9376;646112.5158;153723.7164
CHN;0.300390625;0.268060055;9.22E-05;-0.001701401;2000;279546.9881;234740.1311;1164834.202;172487.5767
CYP;0.624121094;0.489806295;4.29E-04;0.001005874;2000;2173.264384;4242.130682;10854.75894;1803.197428
CZE;0.362890625;0.50593788;9.97E-05;-7.25E-04;2000;33723.87012;35362.21257;57043.33288;24347.47353
DEU;0.452734375;0.328519483;1.36E-04;7.43E-04;2000;614536.8491;548615.6866;1741002.445;306189.496
DNK;0.444921875;0.363474076;1.63E-04;7.64E-04;2000;68026.87569;56304.49962;135982.0584;34144.14546
ESP;0.505761719;0.429700484;2.97E-04;-3.73E-05;2000;140903.5071;175674.6976;589500.3164;108881.4187
EST;0.372265625;0.504061732;1.33E-04;-9.15E-05;2000;3801.33606;4096.485075;6077.423365;2666.24411
FIN;0.374609375;0.352750026;1.49E-04;0.00245864;2000;51607.93722;38668.46865;102241.5686;27742.47632
FRA;0.549707031;0.38853257;6.56E-04;9.27E-04;2000;349817.3194;329007.3611;1240773.214;201717.6803
GBR;0.398828125;0.278086346;1.04E-04;-5.35E-04;2000;378672.4356;372960.9424;1399652.786;195805.3582
GRC;0.545019531;0.420952986;5.64E-04;8.08E-05;2000;18109.46548;40427.12473;141715.4212;14708.61905
HUN;0.559765625;0.663530439;1.66E-04;-3.70E-04;2000;30283.07134;33386.65801;47882.24101;25285.37167
IDN;0.181738281;0.223430979;9.18E-05;-4.02E-04;2000;65346.24729;47322.12398;158245.7906;32129.14311
IND;0.473828125;0.300744918;3.77E-04;-6.94E-04;2000;67708.29114;66742.15439;475482.2641;53165.64789
IRL;0.277832031;0.490341925;9.34E-05;4.39E-04;2000;88633.63979;72614.74084;76654.47445;50775.22425
ITA;0.469921875;0.374962652;3.80E-04;5.79E-04;2000;271816.6396;265066.1147;1036346.787;162441.3531
JPN;0.455859375;0.166244116;2.05E-04;0.002407658;2000;512774.7077;393855.2531;4532695.377;242075.1813
KOR;0.416015625;0.41700666;3.88E-04;-8.12E-04;2000;199217.2776;173153.4718;486197.6091;130448.038
LTU;0.517480469;0.480086342;1.46E-04;-4.76E-04;2000;4403.013187;5338.125091;11542.88047;3094.955414
LUX;0.336328125;0.615376436;6.24E-05;-6.24E-04;2000;26095.38097;22860.84514;15899.33543;17138.43812
LVA;0.369921875;0.354025174;1.37E-04;7.12E-04;2000;3038.653794;3394.637872;7853.099389;1869.324713
MEX;0.585546875;0.451606064;5.72E-04;4.14E-04;2000;170880.4244;173118.3598;632925.8273;111526.0079
MLT;0.603613281;0.673844473;1.14E-04;-5.62E-04;2000;2854.0371;3538.135735;4399.700605;2222.90199
NLD;0.392578125;0.426367661;1.41E-04;-5.47E-04;2000;214498.0794;183369.4879;339053.4985;123940.113
POL;0.525683594;0.465257302;1.64E-04;-1.91E-04;2000;46634.02225;55163.60326;171262.6316;35682.97732
PRT;0.517480469;0.454583469;1.42E-04;-0.001020214;2000;29622.07326;43173.78916;119737.004;22997.85894
ROM;0.330859375;0.345301544;1.60E-04;0.002042413;2000;11602.47669;13620.55735;38002.30738;7790.975042
RUS;0.044140625;0.105893839;1.50E-05;-8.55E-04;2000;98756.91533;50383.55027;193819.2247;26373.00663
RoW;0.386328125;0.328436356;5.20E-04;-2.78E-04;2000;1081819.672;1180522.01;3497115.335;736909.5637
SVK;0.409765625;0.537947083;7.24E-05;-0.001485;2000;13620.68796;13679.57571;19898.35712;9312.125898
SVN;0.422265625;0.463268639;1.55E-04;-5.13E-04;2000;9813.223233;10541.53323;19485.72009;6386.732286
SWE;0.413671875;0.394793053;1.39E-04;2.01E-04;2000;110832.7889;89747.9801;213566.1736;60196.85966
TUR;0.549121094;0.403039815;3.56E-04;-4.41E-04;2000;42466.72652;59045.72605;285000.2856;36649.84982
TWN;0.391796875;0.423183611;1.80E-04;3.74E-04;2000;171728.8794;155143.6625;305064.8266;95276.48991
USA;0.475390625;0.207061779;3.10E-04;-0.004257215;2000;982508.5952;1316038.533;1.03E+07;686314.8604
AUS;0.324609375;0.200851638;6.39E-05;6.37E-04;2001;80344.70151;75165.02775;357850.4484;40754.69543
AUT;0.427734375;0.385178763;9.10E-05;2.81E-04;2001;82279.57;78919.83621;178047.3424;45839.06758
BEL;0.415234375;0.493370945;9.08E-05;5.86E-05;2001;162421.3001;146747.6892;207806.9715;96940.95746
BGR;0.449609375;0.502137365;1.26E-04;0.001723227;2001;6298.970055;7146.014932;13754.04926;4571.114421
BRA;0.530957031;0.312384639;3.29E-04;0.002762966;2001;67952.38711;71207.59381;524948.7217;46190.23045
CAN;0.362890625;0.314824774;1.63E-04;-3.11E-04;2001;305527.0157;251390.9901;639453.2579;144332.9322
CHN;0.301855469;0.258428924;9.48E-05;-0.003671911;2001;299418.6308;254919.0421;1291500.574;181482.8674
CYP;0.578515625;0.453536907;4.14E-04;-7.56E-04;2001;2290.774629;4402.200665;11168.90887;1852.598753
CZE;0.355078125;0.511724815;1.18E-04;-1.44E-04;2001;37945.06749;39436.94014;61739.48365;27521.50764
DEU;0.437890625;0.318150455;1.21E-04;-7.09E-04;2001;636044.3189;543158.2624;1702420.989;303457.1228
DNK;0.447265625;0.375092254;1.92E-04;-7.96E-04;2001;68753.71762;56392.82017;135520.8895;35435.78483
ESP;0.491015625;0.405407271;2.65E-04;-5.52E-04;2001;144886.6027;177717.6901;614327.3289;106899.6578
EST;0.281347656;0.398050953;1.61E-04;1.63E-04;2001;4159.169107;4409.531793;7253.066265;2719.559926
FIN;0.362109375;0.319733174;1.28E-04;0.002625812;2001;50362.37248;37248.94766;104350.8118;25424.35425
FRA;0.541503906;0.379732271;6.50E-04;0.001027506;2001;348539.9871;326535.269;1249702.372;196345.3123
GBR;0.392578125;0.266324989;9.95E-05;-1.84E-04;2001;368615.6042;369101.9534;1396650.19;187594.8054
GRC;0.541503906;0.423003501;4.96E-04;4.21E-04;2001;19156.71434;42303.49184;144930.1034;14994.34275
HUN;0.522753906;0.622361054;1.77E-04;7.93E-04;2001;33065.22711;35449.81289;52760.47453;26369.15108
IDN;0.249609375;0.259084957;1.10E-04;8.01E-05;2001;64404.52442;48730.33103;155746.0478;34191.30691
IND;0.499609375;0.306814247;3.53E-04;0.001004652;2001;66875.41961;65686.08326;490299.2106;51654.24331
IRL;0.270800781;0.489773237;1.03E-04;6.80E-04;2001;96846.79449;77624.12083;80829.90522;55534.86813
ITA;0.459765625;0.361272619;3.39E-04;-0.002678538;2001;278622.9269;266618.6948;1050612.052;160528.3275
JPN;0.467578125;0.182111683;2.74E-04;-2.83E-04;2001;433152.0758;364150.9063;3991520.168;221609.0481
KOR;0.419140625;0.407327632;4.49E-04;-0.001806984;2001;174125.4654;153240.2598;461091.7563;115289.6809
LTU;0.531542969;0.501437037;1.36E-04;-0.001231037;2001;5178.134829;6119.83123;12226.03114;3540.829153
LUX;0.348828125;0.620066463;5.79E-05;-2.48E-04;2001;25487.49739;22774.63879;16441.06861;16893.30151
LVA;0.348828125;0.350034916;1.40E-04;-3.03E-05;2001;3223.638182;3832.066553;8576.6118;2030.759442
MEX;0.594921875;0.439275536;6.27E-04;0.001559918;2001;162550.578;167753.0277;675113.1231;105444.0513
MLT;0.504003906;0.564373669;1.09E-04;4.92E-04;2001;2432.66008;2954.389474;4103.674311;1683.209934
NLD;0.387109375;0.412796913;1.46E-04;5.61E-04;2001;210812.1023;178768.266;350403.0784;121900.3407
POL;0.487109375;0.416241704;1.47E-04;2.69E-04;2001;51317.55556;55959.02231;185994.3515;35988.25348
PRT;0.522753906;0.453160573;1.53E-04;8.74E-04;2001;29274.90307;42744.25078;122427.703;22830.34378
ROM;0.376171875;0.385908791;1.24E-04;6.85E-04;2001;12503.77682;15604.3429;41954.28869;9123.19573
RUS;0.027734375;0.100156623;1.36E-05;1.69E-04;2001;96552.6466;59432.23935;250229.086;30290.12604
RoW;0.380859375;0.327260345;4.37E-04;0.001114989;2001;1089314.484;1176110.285;3462615.69;733565.2242
SVK;0.470703125;0.598234708;5.63E-05;-1.53E-04;2001;14490.77189;15893.35326;21818.55213;10693.61764
SVN;0.411328125;0.451927447;1.47E-04;-1.69E-04;2001;10317.84633;10558.60975;19437.7605;6415.809846
SWE;0.409765625;0.395696269;1.44E-04;-0.001453184;2001;100696.1852;81785.02232;195954.9123;55460.05525
TUR;0.508691406;0.386150094;2.50E-04;8.16E-04;2001;42518.73257;44933.31134;205957.3387;30880.18373
TWN;0.402734375;0.404236074;2.13E-04;0.001052385;2001;145951.6671;123737.8859;269485.3594;78351.65847
USA;0.484765625;0.193820922;2.96E-04;-0.001540074;2001;924669.562;1252718.027;1.06E+07;633097.6999
AUS;0.324609375;0.200308002;6.92E-05;0.001248891;2002;82430.87309;85725.69365;407371.8963;45072.54789
AUT;0.412109375;0.368712071;9.66E-05;0.001408487;2002;90534.7975;82047.73501;188727.6111;48363.58176
BEL;0.405859375;0.470683543;8.76E-05;7.72E-04;2002;170547.5429;148688.6601;221265.3695;98098.11221
BGR;0.449609375;0.497365294;1.07E-04;0.001327212;2002;7064.93907;7993.224397;15463.85464;5106.372273
BRA;0.499609375;0.279205188;2.86E-04;0.001382231;2002;73652.59556;62298.82792;479588.0572;42628.30556
CAN;0.376171875;0.313465409;1.65E-04;0.001088542;2002;293340.3367;248272.0185;664046.6973;140795.2649
CHN;0.298925781;0.271238517;9.24E-05;0.001105698;2002;365404.4896;308463.6009;1410276.353;218173.1285
CYP;0.562890625;0.440846485;3.52E-04;-2.72E-04;2002;2303.295668;4735.103622;12254.66692;1881.632159
CZE;0.362109375;0.498518829;1.21E-04;0.00202127;2002;43184.00164;44180.7671;74490.59184;30711.49437
DEU;0.425390625;0.291043766;1.21E-04;-7.56E-04;2002;695201.3519;547031.8749;1773984.124;302205.2362
DNK;0.434765625;0.3583298;1.62E-04;-1.50E-04;2002;72415.78543;60285.70185;148223.2245;36300.58528
ESP;0.473828125;0.383847534;2.59E-04;-7.12E-04;2002;158476.8539;190692.8775;690202.1755;114556.962
EST;0.437109375;0.545568784;1.04E-04;0.002030977;2002;4530.157915;5149.83355;7748.970131;3297.455103
FIN;0.369921875;0.323084726;1.25E-04;2.00E-04;2002;53089.83085;39039.11954;113693.8613;27353.21794
FRA;0.542675781;0.366287216;6.48E-04;0.001326148;2002;366869.0995;338917.4545;1361082.583;201728.1885
GBR;0.393359375;0.252375458;9.76E-05;5.49E-04;2002;386747.8021;391838.9269;1543668.655;191525.2878
GRC;0.540332031;0.403044409;5.85E-04;0.001980468;2002;19530.93184;46533.92058;165801.4411;16115.45103
HUN;0.512792969;0.586167195;1.78E-04;-9.41E-04;2002;37475.64577;39852.58873;65404.65;28864.2966
IDN;0.283105469;0.248257394;1.01E-04;-6.88E-04;2002;65533.69228;50158.93676;191703.7421;35793.51384
IND;0.480859375;0.299903084;3.42E-04;0.003356634;2002;77841.12643;74883.58615;513912.9807;58718.86476
IRL;0.269042969;0.455632752;1.06E-04;-5.59E-04;2002;104885.7731;80475.66488;91887.40674;56780.70475
ITA;0.453515625;0.344503092;3.47E-04;-6.69E-04;2002;289676.9734;280372.8447;1153495.078;162298.9634
JPN;0.450390625;0.168939783;1.94E-04;-0.001240741;2002;446074.5307;353103.8822;3806119.986;212207.4155
KOR;0.427734375;0.397237026;4.37E-04;0.001992202;2002;186166.485;164700.9696;530535.9888;120941.1258
LTU;0.521582031;0.491798536;1.18E-04;2.88E-04;2002;5887.629946;7063.114222;14340.99545;4087.760154
LUX;0.347265625;0.603063491;5.75E-05;-8.56E-04;2002;27500.24423;24223.12188;18267.21215;17732.87566
LVA;0.362109375;0.350904528;1.84E-04;0.001275359;2002;3536.301873;4288.250719;9673.891489;2248.811103
MEX;0.603613281;0.433931039;6.29E-04;-1.63E-04;2002;165015.3469;168269.4967;706166.7283;105129.1208
MLT;0.479296875;0.535362394;1.19E-04;6.43E-05;2002;2722.825147;3079.715179;4315.816076;1772.813684
NLD;0.380078125;0.390569822;1.22E-04;-3.77E-04;2002;222189.926;184656.7664;382162.0208;123315.6235
POL;0.487890625;0.419727458;1.14E-04;-0.002052654;2002;55901.68955;60262.95301;192221.6466;38266.25682
PRT;0.527441406;0.442820228;1.55E-04;0.001227405;2002;31937.37509;44343.79757;132773.1569;24109.22545
ROM;0.374609375;0.379636081;8.80E-05;0.001014028;2002;14965.50886;17610.5644;46552.70044;10151.04531
RUS;0.061279297;0.095970389;1.22E-05;-2.63E-04;2002;104700.008;70062.75771;291455.6005;30896.83835
RoW;0.376171875;0.339385518;4.15E-04;7.18E-04;2002;1102602.173;1252451.881;3502244.217;770981.927
SVK;0.477734375;0.59871215;7.92E-05;1.61E-04;2002;16402.09522;17703.81389;25054.60725;12009.51556
SVN;0.391015625;0.436261724;1.36E-04;-4.50E-04;2002;11657.12105;11480.3333;21538.66534;7072.162024
SWE;0.408203125;0.378198557;1.42E-04;-3.70E-04;2002;106311.6771;85720.06557;216455.7512;57158.44799
TUR;0.535644531;0.424030154;2.82E-04;3.09E-04;2002;42479.09972;49556.91602;228742.3609;33820.77259
TWN;0.401171875;0.414185626;2.21E-04;3.55E-04;2002;156577.8424;128581.8442;269523.4304;85690.01437
USA;0.487890625;0.187206671;2.68E-04;-0.003014037;2002;903145.9309;1281712.502;1.11E+07;626613.6309
AUS;0.357421875;0.206703902;7.64E-05;2.95E-04;2003;95572.91059;103238.4476;527567.9113;53343.20368
AUT;0.430078125;0.386191634;9.96E-05;-0.001236153;2003;109342.605;101992.0016;233888.7454;60400.42128
BEL;0.422265625;0.468372425;1.24E-04;-8.81E-04;2003;200681.0689;175032.7571;273165.8546;115024.3972
BGR;0.434765625;0.502901498;1.07E-04;-0.001138735;2003;9391.07356;10928.73741;20117.13197;6898.5527
BRA;0.480859375;0.266365047;2.35E-04;0.002153126;2003;83307.24626;63637.21007;504215.4839;44205.57602
CAN;0.376171875;0.300406982;1.80E-04;1.04E-05;2003;324753.1756;277697.2775;792259.7725;155512.5657
CHN;0.286621094;0.302749729;1.01E-04;-2.27E-05;2003;485016.1477;422020.1482;1596653.907;298302.051
CYP;0.575390625;0.447064737;4.78E-04;-8.24E-04;2003;2752.519545;5495.712186;15053.91383;2289.064853
CZE;0.357421875;0.500136673;1.27E-04;4.28E-04;2003;53603.64368;54904.77537;90436.65636;38067.41929
DEU;0.430859375;0.297982472;1.21E-04;0.003369513;2003;839065.9504;670655.9697;2155284.322;372674.0094
DNK;0.441015625;0.352023703;1.70E-04;-3.47E-04;2003;85723.88953;69948.60455;180368.2957;42757.38796
ESP;0.475390625;0.379080788;2.75E-04;-8.84E-04;2003;195988.3185;238769.467;886542.6228;141501.2016
EST;0.326171875;0.432985504;8.95E-05;5.91E-04;2003;5829.628298;6606.274869;10850.77906;3801.250179
FIN;0.361328125;0.312218797;1.40E-04;-3.08E-04;2003;61683.81868;48458.45108;140780.4747;31777.20972
FRA;0.547949219;0.36157232;6.66E-04;-6.63E-04;2003;427267.3844;402447.8444;1685735.787;237400.7455
GBR;0.398828125;0.25076899;9.89E-05;-0.001124978;2003;443246.5915;441883.0519;1775141.691;217273.3536
GRC;0.498828125;0.344786827;5.82E-04;-4.51E-04;2003;26264.07584;57366.28945;214448.7785;20503.0116
HUN;0.505175781;0.580658849;1.59E-04;0.001350084;2003;46029.43666;50094.71827;82392.30497;35463.77315
IDN;0.264355469;0.221172541;8.95E-05;-0.001056251;2003;73677.024;52966.54229;224184.9741;39192.70919
IND;0.474609375;0.288670517;3.77E-04;7.07E-04;2003;88181.71299;86656.92136;600627.5499;65958.32115
IRL;0.286621094;0.449709256;9.38E-05;-3.17E-04;2003;125481.4448;96366.19263;120381.6938;68484.66712
ITA;0.462109375;0.347948402;3.88E-04;0.00319255;2003;341425.323;334460.2086;1429106.473;197971.3488
JPN;0.449609375;0.170057678;1.86E-04;0.001743945;2003;508743.9444;393676.234;4098694.595;238492.8695
KOR;0.419140625;0.399178814;3.90E-04;-0.003183746;2003;223611.7559;193962.7438;589295.7101;142887.301
LTU;0.525097656;0.489373005;1.19E-04;4.11E-05;2003;7706.114855;9191.955973;18832.7605;5310.98201
LUX;0.332421875;0.581446928;5.98E-05;4.18E-04;2003;33911.64529;28878.82776;22602.77452;21340.03835
LVA;0.363671875;0.37821673;2.31E-04;6.52E-04;2003;4269.960785;5449.885959;11841.75143;2928.117713
MEX;0.599609375;0.433780301;5.99E-04;0.002321707;2003;168192.9161;170040.2327;688485.0167;107194.4177
MLT;0.476171875;0.531870071;1.18E-04;6.57E-04;2003;3059.045955;3638.929045;5250.780782;2024.692387
NLD;0.390234375;0.392536087;1.19E-04;6.63E-04;2003;266519.6851;222165.9625;470138.6378;148667.6887
POL;0.476171875;0.430433724;9.94E-05;0.001402076;2003;71127.05379;73868.52404;208859.7007;47580.77915
PRT;0.526855469;0.43467743;1.36E-04;-8.49E-04;2003;39403.39183;52010.68674;160004.9294;28522.45601
ROM;0.394140625;0.397113805;9.05E-05;-3.90E-04;2003;18960.54708;23491.87804;61050.26809;13312.19831
RUS;0.070849609;0.105174221;2.11E-05;-9.72E-05;2003;128799.0442;86035.81763;354442.7044;41192.37936
RoW;0.368359375;0.343299794;4.63E-04;4.77E-04;2003;1308815.132;1469827.671;3897372.828;906600.8234
SVK;0.447265625;0.578874551;1.01E-04;-1.48E-04;2003;24339.56125;24067.10256;32019.51301;16962.75058
SVN;0.394921875;0.43585814;1.37E-04;8.10E-04;2003;14287.01245;14456.13812;27479.60204;8750.094478
SWE;0.419140625;0.375905756;1.47E-04;-0.00105163;2003;130882.2972;104826.9429;270777.2145;69286.44931
TUR;0.555859375;0.447754392;2.92E-04;9.66E-04;2003;53189.16485;66806.20872;302309.4846;45359.14141
TWN;0.419140625;0.445851684;2.78E-04;-8.53E-05;2003;172974.5516;142925.5725;275897.0802;98430.05721
USA;0.490234375;0.191689249;2.34E-04;0.001125341;2003;945047.3284;1391176.225;1.16E+07;689335.0196
AUS;0.337890625;0.206707499;8.61E-05;-0.002298675;2004;122754.2931;131595.5837;638026.842;69652.1105
AUT;0.450390625;0.41068299;9.45E-05;-4.75E-04;2004;132051.9312;122693.6605;268179.0542;73833.61137
BEL;0.428515625;0.482662729;1.16E-04;-1.38E-04;2004;238705.535;210429.4954;318086.889;139383.0546
BGR;0.437890625;0.529810648;1.05E-04;-0.001177311;2004;12285.3479;14474.40256;24816.00304;9140.949974
BRA;0.469140625;0.268391241;2.41E-04;-0.003971605;2004;109195.0044;79039.97251;594867.2648;56419.23459
CAN;0.384765625;0.306350533;1.91E-04;-0.001997338;2004;374927.4476;315849.235;901906.7452;180429.0788
CHN;0.287792969;0.347198838;1.26E-04;-0.003321248;2004;655829.1043;570738.9175;1874275.607;433731.8926
CYP;0.563671875;0.418902663;4.25E-04;5.94E-04;2004;3349.81154;6384.311379;17609.64591;2628.696673
CZE;0.344921875;0.510814348;1.01E-04;5.21E-04;2004;73695.66953;72308.16098;105369.9903;50726.35935
DEU;0.430859375;0.312544524;1.14E-04;0.003146457;2004;1007507.328;789020.3602;2400220.703;456004.0249
DNK;0.441796875;0.358153166;1.78E-04;8.98E-05;2004;98085.01848;83296.90795;210178.0645;50375.67555
ESP;0.474609375;0.386941533;2.31E-04;3.53E-05;2004;229314.2113;293693.9717;1060553.813;171883.3366
EST;0.257324219;0.375614026;1.13E-04;-4.47E-04;2004;6843.58027;7725.704456;13743.95698;4345.38182
FIN;0.380859375;0.341031949;1.59E-04;0.002559149;2004;73102.30616;58277.79212;163067.8901;39910.05195
FRA;0.549707031;0.371357076;6.90E-04;0.001070282;2004;492932.3635;476344.714;1940223.45;282204.2433
GBR;0.394140625;0.257351768;8.85E-05;-0.00215537;2004;523620.7349;534548.962;2126650.371;276809.486
GRC;0.506347656;0.354233501;5.15E-04;1.60E-04;2004;36579.13591;67830.34452;248425.6736;27271.8541
HUN;0.502246094;0.580078738;1.52E-04;-5.63E-04;2004;59362.41073;63431.1062;99662.08597;44290.3033
IDN;0.252050781;0.242608319;9.89E-05;6.55E-04;2004;81394.0513;65882.07952;240366.6582;46332.86633
IND;0.480078125;0.327881096;4.31E-04;-2.10E-04;2004;123820.2274;128122.5434;708167.6172;95749.51676
IRL;0.277832031;0.45726419;7.78E-05;2.26E-04;2004;149748.2216;117771.7068;143662.2598;84303.14758
ITA;0.462890625;0.360234952;4.06E-04;-0.002938964;2004;405297.4032;395652.8785;1635604.327;238857.1197
JPN;0.444140625;0.182200753;1.87E-04;-0.003579814;2004;613148.2821;467719.9779;4425185.753;289067.7016
KOR;0.388671875;0.40114874;3.25E-04;0.001196757;2004;289120.5062;240516.6253;645864.9236;178837.6462
LTU;0.530371094;0.488904742;1.61E-04;-5.49E-04;2004;9118.868481;11091.37238;23135.27042;6466.008123
LUX;0.326953125;0.614631441;5.35E-05;-1.85E-04;2004;44264.24514;38409.27131;26388.79595;29223.23177
LVA;0.4;0.419709968;2.46E-04;-5.22E-04;2004;5203.754617;7141.454545;15031.29354;3887.548562
MEX;0.606542969;0.449185724;6.28E-04;0.003287107;2004;191138.682;195191.5168;750282.168;123963.8191
MLT;0.466796875;0.533516706;1.53E-04;3.82E-05;2004;3345.340328;4078.394403;5999.811674;2307.979437
NLD;0.398828125;0.406743593;1.35E-04;-8.43E-04;2004;313839.401;257878.8567;526815.1923;177490.1281
POL;0.486328125;0.463159285;1.20E-04;-0.001083053;2004;93780.53402;95764.78369;243967.3979;62578.74192
PRT;0.535644531;0.450393391;1.40E-04;0.002284512;2004;45584.91134;62850.10139;185917.629;34275.6289
ROM;0.417578125;0.426163256;9.71E-05;-7.40E-04;2004;25567.90899;32323.28029;78975.46108;18696.77384
RUS;0;0.073468585;1.26E-05;-0.005653363;2004;174985.6288;108093.6759;475425.8489;48394.95928
RoW;0.353515625;0.34408211;4.98E-04;-5.21E-04;2004;1623206.219;1798467.07;4532294.079;1117195.64
SVK;0.468359375;0.578343079;7.55E-05;3.78E-04;2004;30296.91382;30326.50434;40971.95106;20886.86015
SVN;0.396484375;0.463297556;1.37E-04;0.001229764;2004;18044.29174;18654.9436;32350.07267;11471.98836
SWE;0.401171875;0.369505045;1.53E-04;0.001282272;2004;159190.8794;123953.5382;306333.1502;81912.35
TUR;0.555859375;0.451212226;2.97E-04;0.001756405;2004;71898.7902;93903.93828;390403.117;59872.01712
TWN;0.424609375;0.493351103;3.14E-04;9.59E-04;2004;206297.2075;185090.7715;311310.3533;128567.1765
USA;0.503417969;0.224449684;2.88E-04;-0.001661875;2004;1073132.507;1624997.121;1.25E+07;874183.423
AUS;0.330859375;0.203489603;9.92E-05;0.001362577;2005;149343.2116;151441.7044;705959.6092;80858.91289
AUT;0.443359375;0.417957985;5.28E-05;8.90E-04;2005;144305.813;133793.8766;280198.4041;81308.20922
BEL;0.443359375;0.494144058;1.48E-04;9.02E-04;2005;247065.8033;221153.7766;336740.7142;148021.6605
BGR;0.413671875;0.491662767;1.06E-04;6.85E-04;2005;10701.97598;14190.52867;28482.75557;8377.697852
BRA;0.462890625;0.249933043;2.35E-04;-4.63E-04;2005;134029.7983;96807.00422;795202.7075;67537.06319
CAN;0.379296875;0.29828126;2.13E-04;2.20E-04;2005;416185.0884;355455.4604;1037155.284;201749.2947
CHN;0.259082031;0.336054401;1.12E-04;0.00167728;2005;836718.7886;670058.922;2123614.431;525262.2567
CYP;0.450390625;0.340032397;1.95E-04;-4.71E-04;2005;3450.090408;6664.356065;18862.99939;2501.062552
CZE;0.352734375;0.514963119;1.10E-04;2.31E-04;2005;85928.97309;81433.61113;116670.2456;58122.03046
DEU;0.424609375;0.328018753;1.19E-04;0.001176822;2005;1095999.953;865640.0655;2427501.142;511121.7616
DNK;0.444140625;0.391454516;1.86E-04;-3.01E-04;2005;112538.8377;96932.12861;220830.0162;61490.15917
ESP;0.475390625;0.3995523;2.26E-04;-0.001796487;2005;245985.9206;326928.6788;1156846.424;190818.1726
EST;0.278417969;0.415075861;7.98E-05;-0.001446407;2005;8210.894293;9115.805581;14990.55825;5508.001321
FIN;0.403515625;0.388540259;1.82E-04;-3.65E-04;2005;79071.61067;68175.82698;173329.6695;48127.58923
FRA;0.562109375;0.392169937;7.75E-04;1.34E-05;2005;517609.7627;517951.354;2035951.204;310658.9888
GBR;0.369140625;0.252709914;8.98E-05;-0.001444816;2005;547244.8031;574998.7474;2219255.48;298002.1653
GRC;0.493359375;0.342339686;4.51E-04;0.001324556;2005;37936.24852;68675.0827;258633.0638;27454.32833
HUN;0.463671875;0.563558313;1.15E-04;0.001165093;2005;67510.23954;70392.29691;105698.1457;49384.42434
IDN;0.188574219;0.222976924;7.63E-05;9.02E-04;2005;93886.81929;78243.84573;264891.8244;52352.2048
IND;0.496484375;0.354944211;4.41E-04;2.51E-04;2005;157727.974;169922.1163;838895.0979;122513.3225
IRL;0.292480469;0.468963334;9.08E-05;-5.81E-04;2005;159911.9322;131133.9243;162039.9478;91970.12523
ITA;0.469921875;0.380342399;4.37E-04;9.86E-04;2005;428302.3203;429718.5444;1692797.135;265850.2084
JPN;0.444140625;0.205822949;2.31E-04;-0.003484166;2005;653686.588;530733.0927;4424927.229;337252.1094
KOR;0.402734375;0.417813731;3.77E-04;9.45E-04;2005;327944.6507;281709.8086;770938.5109;213349.5536
LTU;0.485546875;0.481971967;1.65E-04;1.69E-04;2005;12539.70727;14441.40511;26710.88807;8504.385881
LUX;0.313671875;0.61676824;4.35E-05;4.08E-04;2005;49834.59819;42511.94892;28334.21382;32969.33085
LVA;0.366015625;0.404371388;1.82E-04;-1.30E-04;2005;6561.422502;8617.061831;17242.57643;4695.493546
MEX;0.587890625;0.432329627;6.54E-04;-4.85E-04;2005;218309.8839;219826.5499;835482.2187;137732.9388
MLT;0.430859375;0.517788749;1.34E-04;6.81E-04;2005;3577.497993;4367.586186;6362.616866;2467.739738
NLD;0.396484375;0.415202172;1.42E-04;5.96E-04;2005;341871.7647;276263.2219;544249.124;194330.7266
POL;0.480859375;0.452582208;1.13E-04;7.34E-04;2005;112144.8791;109753.1605;286047.1981;73109.02901
PRT;0.541503906;0.466629315;1.56E-04;0.001457194;2005;46689.04651;66279.3469;193276.4583;36845.97331
ROM;0.4;0.404263127;9.31E-05;-4.49E-04;2005;31153.80005;41395.48746;103750.5049;23935.93642
RUS;0;0.071198822;1.37E-05;-0.013405771;2005;226895.3392;137665.4329;602804.6969;61198.07264
RoW;0.337109375;0.331892023;5.21E-04;8.28E-04;2005;2014786.557;2135585.955;5170812.425;1331369.997
SVK;0.471484375;0.583412875;5.95E-05;0.001284301;2005;34796.84523;35572.90982;47250.08439;24063.3776
SVN;0.394921875;0.472050301;1.28E-04;0.001184008;2005;20166.8375;20708.97728;34224.5572;12825.79872
SWE;0.402734375;0.387026946;1.66E-04;6.01E-05;2005;170943.4248;136436.2423;315517.0868;90728.84316
TUR;0.569140625;0.463489688;3.20E-04;-0.001822391;2005;83868.93611;112728.1829;484176.3271;72506.49932
TWN;0.430859375;0.502103405;3.49E-04;7.02E-04;2005;226720.5559;200893.3283;332014.8974;142840.5687
USA;0.498144531;0.236613026;3.14E-04;0.003481516;2005;1187011.403;1834853.242;1.33E+07;1019722.834
AUS;0.340234375;0.212127681;1.13E-04;5.94E-04;2006;161914.495;161775.1452;752184.1999;87956.00396
AUT;0.442578125;0.429561157;7.49E-05;-6.53E-04;2006;162637.1985;147182.4964;295069.567;91474.20461
BEL;0.453515625;0.513944162;1.64E-04;-8.35E-04;2006;273343.0274;246146.9154;358061.2172;167453.769
BGR;0.289550781;0.422566511;1.42E-04;0.001074381;2006;18922.04324;20576.42681;33643.70384;12365.21661
BRA;0.472265625;0.248530971;2.15E-04;-0.001244378;2006;156508.0797;118387.9986;984053.3086;80851.08042
CAN;0.396484375;0.301711483;2.42E-04;6.37E-04;2006;447523.3019;394786.2173;1184180.121;221584.4527
CHN;0.234765625;0.325229647;9.74E-05;-0.001146158;2006;1061578.033;802127.7392;2494241.457;641106.7816
CYP;0.494921875;0.3812715;3.10E-04;3.69E-04;2006;3796.769611;7593.469819;20693.4201;2974.979065
CZE;0.356640625;0.538030171;1.05E-04;-2.62E-04;2006;103876.1789;98543.67883;133873.0892;72086.28582
DEU;0.415234375;0.341841738;1.20E-04;0.001976443;2006;1258715.061;1003709.303;2533327.862;594736.4857
DNK;0.432421875;0.414062728;2.24E-04;5.41E-04;2006;128101.8201;115795.4626;239265.2004;73488.04303
ESP;0.493359375;0.429852895;2.40E-04;7.36E-04;2006;278285.2035;377946.4714;1274467.413;224912.5369
EST;0.416796875;0.524770209;9.29E-05;1.30E-04;2006;10009.09309;11651.08475;17377.31332;6924.335058
FIN;0.401171875;0.404054335;2.14E-04;0.001320979;2006;91424.99485;78162.40609;181962.5975;54538.1764
FRA;0.564453125;0.406357384;8.21E-04;-4.69E-05;2006;559843.158;569438.3537;2159155.348;346115.6447
GBR;0.375390625;0.261983204;1.02E-04;-9.99E-04;2006;607572.728;632001.0534;2374981.888;331882.256
GRC;0.492578125;0.366744382;6.14E-04;-0.001053917;2006;43661.84456;80437.73353;284219.461;30933.4012
HUN;0.433203125;0.573244121;9.74E-05;-2.19E-04;2006;81417.62972;83013.07791;107885.9051;59362.04607
IDN;0.165136719;0.192624258;5.46E-05;3.85E-04;2006;112559.6435;88144.22068;346386.8483;61056.00622
IND;0.475390625;0.365462772;3.31E-04;-0.002386948;2006;198123.9461;213375.1781;947707.174;158899.3055
IRL;0.302734375;0.467654919;9.45E-05;9.95E-04;2006;170932.3684;143958.7545;184763.8997;98316.46955
ITA;0.480859375;0.41494276;4.54E-04;0.002744418;2006;481657.0084;496999.2749;1785815.553;316158.3761
JPN;0.438671875;0.236045154;2.58E-04;0.001203062;2006;703104.2922;591311.6427;4219379.611;394143.4251
KOR;0.405859375;0.430347831;3.95E-04;0.001204869;2006;373619.0858;331011.0018;877018.3522;250526.1287
LTU;0.487109375;0.487752165;1.56E-04;4.88E-04;2006;14802.12922;17761.90811;31585.99848;9927.627932
LUX;0.287792969;0.627466152;4.27E-05;-6.21E-04;2006;62816.27418;51665.70727;29456.55803;41729.40028
LVA;0.421484375;0.46231396;1.89E-04;8.51E-05;2006;7471.602852;11386.66725;22715.14989;6231.269382
MEX;0.583984375;0.428724846;6.29E-04;0.001404808;2006;251495.907;250118.9876;936424.5229;155655.3985
MLT;0.410546875;0.541441795;1.62E-04;5.33E-05;2006;4339.149206;5158.88791;6760.322517;3060.105913
NLD;0.396484375;0.427675761;1.60E-04;9.28E-04;2006;374203.8326;309369.2565;583072.1271;218526.566
POL;0.476171875;0.477247011;1.09E-04;1.65E-04;2006;137120.5862;137410.6117;324890.1688;93629.43849
PRT;0.531542969;0.465889136;1.53E-04;-2.37E-04;2006;55476.36593;74631.97354;204838.9317;42128.45343
ROM;0.403515625;0.409251982;7.85E-05;-9.94E-05;2006;38170.10389;52856.4065;130244.6213;29788.49193
RUS;0;0.067898659;1.44E-05;-0.011727879;2006;285063.8968;177506.7717;790493.0853;75893.83461
RoW;0.337109375;0.328159759;5.83E-04;8.37E-04;2006;2317531.535;2481827.597;5955605.491;1547291.442
SVK;0.455859375;0.591575861;6.34E-05;0.001234254;2006;44573.17286;45020.04974;55318.99913;30947.66189
SVN;0.377734375;0.475910341;1.17E-04;0.001132014;2006;23592.17262;24089.40385;37343.71449;14881.12356
SWE;0.4;0.397108431;1.62E-04;6.05E-04;2006;192960.4107;155369.5668;339603.985;103516.4757
TUR;0.591015625;0.498144133;3.83E-04;-0.001152475;2006;96586.47947;135671.4078;541456.0242;86844.68413
TWN;0.423828125;0.519971982;3.26E-04;-1.47E-05;2006;250928.0039;218687.4562;336705.3722;161639.6839
USA;0.503417969;0.247286778;3.46E-04;-0.003341215;2006;1348900.289;2032551.149;1.41E+07;1145546.871
AUS;0.352734375;0.226563967;1.29E-04;9.41E-04;2007;195359.1986;203614.1455;916600.6632;112033.5947
AUT;0.437109375;0.431323407;6.00E-05;0.001986047;2007;194688.0976;174264.314;338807.9358;108578.2954
BEL;0.455859375;0.523306337;1.53E-04;7.67E-04;2007;324688.8369;292889.7922;411351.6355;201407.2451
BGR;0.451953125;0.599987487;1.29E-04;-4.58E-05;2007;23672.7994;30675.4327;44046.72969;19772.7519
BRA;0.469140625;0.250655383;2.40E-04;-0.001832803;2007;182673.1338;153431.6348;1253047.484;103015.1042
CAN;0.404296875;0.299432069;2.68E-04;2.56E-04;2007;479760.7026;429994.4633;1321415.959;237927.9006
CHN;0.225390625;0.315594517;1.01E-04;-1.70E-04;2007;1342004.109;973630.8358;3176598.337;795463.1946
CYP;0.494921875;0.400113018;3.63E-04;0.001039306;2007;4611.579024;9632.783878;24877.60279;3729.031752
CZE;0.349609375;0.538415749;1.00E-04;0.001348437;2007;133682.1416;123846.6438;160249.1942;90236.72988
DEU;0.409765625;0.347800368;1.15E-04;-0.001719899;2007;1510355.823;1170974.864;2835592.011;711750.6066
DNK;0.437109375;0.432037699;2.26E-04;7.33E-04;2007;147311.5726;135452.4161;274629.126;87483.65902
ESP;0.502246094;0.438923729;2.73E-04;-6.25E-04;2007;334952.8747;453611.8549;1494496.884;273135.0376
EST;0.400390625;0.481514593;9.21E-05;-4.47E-04;2007;11380.25569;13466.35096;22206.61889;7769.341136
FIN;0.401953125;0.402681539;2.05E-04;-3.25E-06;2007;109319.493;92552.16894;215165.8067;65047.81652
FRA;0.576953125;0.4192851;8.74E-04;-1.82E-05;2007;636358.9652;660250.9988;2489622.856;401281.8292
GBR;0.374609375;0.258368958;9.64E-05;0.001991256;2007;703544.6465;729681.2552;2728347.992;383868.1918
GRC;0.480859375;0.361849798;5.24E-04;0.001804448;2007;51368.76767;98724.66465;337117.1799;35984.29179
HUN;0.423828125;0.569438177;8.66E-05;-3.19E-04;2007;103086.9679;101586.1914;127523.6816;73504.63471
IDN;0.181738281;0.191697919;5.20E-05;-2.26E-04;2007;125466.0794;102583.4474;415640.8274;68672.70721
IND;0.475390625;0.364120991;3.33E-04;-0.001571216;2007;242725.1209;268350.444;1204681.997;199424.9393
IRL;0.292480469;0.461301435;9.84E-05;-3.90E-04;2007;202338.865;171829.4849;215565.3852;116295.4539
ITA;0.478515625;0.416810338;4.41E-04;-4.94E-04;2007;574777.8683;577897.9514;2017936.921;372066.9832
JPN;0.437109375;0.251277527;2.46E-04;0.001658773;2007;772058.4799;639123.6429;4201592.766;437864.9064
KOR;0.396484375;0.435187667;3.65E-04;6.52E-04;2007;436228.1594;385382.9787;966246.3363;291192.2181
LTU;0.463671875;0.442952688;1.23E-04;0.001050224;2007;17519.47616;22277.30432;41775.60354;10862.95536
LUX;0.266699219;0.631048808;3.19E-05;-2.76E-04;2007;79144.18051;64671.50393;34660.91308;52785.04473
LVA;0.449609375;0.456710815;1.81E-04;0.001350104;2007;10035.70747;15338.7995;32441.6419;8408.533436
MEX;0.580859375;0.423971256;6.09E-04;0.001073359;2007;275760.1254;277634.0123;1022320.781;170098.5414
MLT;0.381640625;0.528826338;1.81E-04;-8.12E-04;2007;5320.752546;6223.194436;7877.482005;3707.340152
NLD;0.391015625;0.422279757;1.63E-04;-6.65E-04;2007;436276.723;357993.6781;671502.0484;250347.6259
POL;0.467578125;0.476921219;9.93E-05;-9.78E-04;2007;174806.1503;179302.8797;409328.4076;118620.5445
PRT;0.523925781;0.457557457;1.43E-04;0.001159639;2007;66247.69671;87100.15225;237321.0979;48781.19765
ROM;0.411328125;0.397400893;6.93E-05;-9.91E-04;2007;48894.8001;71798.65765;183822.8713;38045.00042
RUS;0;0.066181798;2.20E-05;-0.019314967;2007;326695.756;241530.2946;1095176.217;98946.8952
RoW;0.337890625;0.337489232;6.04E-04;-4.05E-04;2007;2656330.434;3029337.422;7159128.051;1850626.954
SVK;0.438671875;0.580476387;6.27E-05;3.69E-04;2007;61061.86257;59368.93889;71808.75604;41776.57378
SVN;0.370703125;0.484243468;1.04E-04;-2.61E-04;2007;29219.03958;30342.35997;45911.44536;18936.16361
SWE;0.411328125;0.411097665;1.69E-04;-3.47E-04;2007;226789.4311;186026.5539;395724.2387;124390.2249
TUR;0.599707031;0.505206777;4.03E-04;-6.54E-04;2007;119530.0192;164454.8311;661962.7371;107908.0723
TWN;0.405859375;0.516129221;3.18E-04;0.001997453;2007;277126.0254;235846.0433;346764.229;175477.8976
USA;0.499609375;0.24512332;3.13E-04;5.14E-04;2007;1530925.436;2161402.767;1.48E+07;1222666.339
AUS;0.349609375;0.226082583;1.42E-04;9.37E-04;2008;243242.166;223979.5048;984650.0011;126661.2709
AUT;0.431640625;0.438554727;8.33E-05;-8.60E-04;2008;218578.1557;197448.3131;376966.8535;124516.5959
BEL;0.476171875;0.557773038;1.73E-04;6.67E-04;2008;375094.153;354991.5251;470776.1657;246616.7173
BGR;0.444140625;0.586259231;1.28E-04;-0.001321826;2008;28533.01439;37860.24387;54463.69157;23542.95429
BRA;0.465234375;0.271137586;2.13E-04;0.00380176;2008;225925.7872;211376.0239;1528972.504;144373.7759
CAN;0.408984375;0.302750833;3.67E-04;1.32E-04;2008;511222.8189;465299.2361;1411603.129;257644.3086
CHN;0.227734375;0.299972893;1.01E-04;8.12E-04;2008;1581532.916;1165162.304;4158318.537;938515.9998
CYP;0.553515625;0.461904638;4.82E-04;-0.001100862;2008;5147.430495;11415.83903;29352.52589;4382.910283
CZE;0.359765625;0.538745767;1.04E-04;-3.95E-04;2008;160845.9207;149210.1479;201160.0176;109662.195
DEU;0.427734375;0.360235805;2.62E-04;1.99E-04;2008;1671979.628;1323009.708;3129273.033;811526.607
DNK;0.461328125;0.454396803;2.30E-04;-8.97E-04;2008;172483.9355;156527.1215;302105.1031;102896.6567
ESP;0.513378906;0.448886427;3.16E-04;1.10E-04;2008;366573.1715;483950.5663;1659682.139;301998.8165
EST;0.361328125;0.448147424;7.37E-05;-1.72E-04;2008;13084.97261;13935.87985;23128.26153;8402.332446
FIN;0.394140625;0.415481868;2.15E-04;-2.96E-05;2008;123398.0186;108837.9628;241733.9676;77016.76209
FRA;0.555078125;0.426829538;4.80E-04;-6.29E-04;2008;704818.8809;745498.9186;2765315.165;460090.35
GBR;0.359765625;0.266557971;1.06E-04;-0.002014508;2008;737461.6494;748582.5061;2594315.153;399782.0567
GRC;0.487109375;0.386180487;7.75E-04;0.002060231;2008;60927.84465;115536.1327;380873.2623;42293.48082
HUN;0.433984375;0.576806757;9.30E-05;9.25E-05;2008;116244.7175;116238.9654;146158.4999;83639.53209
IDN;0.135449219;0.190732131;6.25E-05;-7.77E-04;2008;150603.2965;137567.5178;506276.7685;87298.12265
IND;0.519824219;0.391360015;4.59E-04;-0.00124004;2008;259622.8954;294846.6858;1329637.334;211301.4662
IRL;0.282519531;0.472563719;1.03E-04;3.18E-04;2008;213772.9474;181990.3628;219650.3349;126292.6291
ITA;0.487109375;0.424412591;3.29E-04;0.002290111;2008;620446.2325;633477.9623;2211442.792;408892.7911
JPN;0.459765625;0.300203483;3.14E-04;-0.003464612;2008;861051.1597;782839.9845;4735979.682;565359.2483
KOR;0.391015625;0.506412189;3.52E-04;-7.53E-04;2008;495057.2989;473784.9223;898678.9557;366926.5569
LTU;0.515136719;0.529109615;2.09E-04;-8.65E-05;2008;24346.73257;29376.43802;49922.23486;17030.40868
LUX;0.270800781;0.634334353;3.44E-05;1.32E-04;2008;90750.60586;74058.07531;39493.36841;61106.79825
LVA;0.405078125;0.408029414;7.24E-05;-3.87E-04;2008;12076.11245;16280.53567;36267.06761;9201.679157
MEX;0.574609375;0.417167204;7.10E-04;0.002268332;2008;284015.8771;294482.5077;1106151.834;176991.4982
MLT;0.380078125;0.514938833;1.86E-04;-5.27E-04;2008;5961.310997;6853.357676;8970.689386;4102.81855
NLD;0.380078125;0.435932289;1.77E-04;-3.21E-04;2008;527855.1144;438605.7237;751489.3769;309406.9975
POL;0.469140625;0.47835865;1.11E-04;-0.001528037;2008;213238.2919;225277.3744;520890.1697;148005.4415
PRT;0.543261719;0.488123238;1.62E-04;-9.68E-07;2008;72611.11583;100750.8945;265071.77;56629.36673
ROU;0.4;0.398517491;7.69E-05;6.80E-04;2008;60280.25;86273.89949;220896.9062;46468.39038
RUS;0;0.068213241;3.00E-05;-0.023422492;2008;424573.452;322083.9598;1409500.772;130374.4856
RoW;0.307421875;0.305875918;5.37E-04;3.03E-04;2008;3336283.803;3569753.91;8519423.886;2187988.471
SVK;0.437109375;0.575100979;7.07E-05;0.001061819;2008;73507.38015;72874.14163;92710.24796;50802.11964
SVN;0.373046875;0.475497482;1.07E-04;1.90E-04;2008;32166.34057;34397.05637;54070.79185;20903.20031
SWE;0.419140625;0.431657218;1.89E-04;-0.002547548;2008;248132.5955;208723.9229;424529.6259;141048.4809
TUR;0.487109375;0.35588821;2.09E-04;0.002676489;2008;147548.2991;192754.4439;746949.6903;98921.89527
TWN;0.425390625;0.550036219;3.77E-04;-5.86E-04;2008;288769.5137;258045.0856;364682.366;194659.0214
USA;0.513378906;0.275565677;3.86E-04;1.41E-04;2008;1641838.639;2337644.785;1.51E+07;1390790.535
AUS;0.300390625;0.181066739;1.02E-04;-3.03E-04;2009;200696.4909;192821.0875;975694.9032;106133.0644
AUT;0.430078125;0.397246779;8.51E-05;-3.01E-04;2009;168010.1085;153419.2308;350168.2036;91994.48683
BEL;0.451171875;0.492891763;1.55E-04;6.37E-04;2009;301037.7153;275136.1309;429727.4136;181375.3828
BGR;0.352734375;0.469506941;1.16E-04;0.001042416;2009;21725.16391;24912.58947;46036.87923;15880.82812
BRA;0.463671875;0.223052398;1.85E-04;5.12E-05;2009;177168.1491;168974.3391;1509595.844;106412.3384
CAN;0.415234375;0.294055176;3.31E-04;8.97E-04;2009;377137.5456;381023.5274;1292959.13;203866.5199
CHN;0.230859375;0.262674116;1.10E-04;0.00111641;2009;1333217.087;1048884.493;4748919.867;818232.5332
CYP;0.478515625;0.366512589;3.54E-04;-1.35E-05;2009;4628.495071;8671.106144;26052.64997;3758.89493
CZE;0.367578125;0.499355467;1.31E-04;-0.001122888;2009;121602.4112;110242.0218;172837.0679;78305.65904
DEU;0.451171875;0.325644167;2.81E-04;9.88E-04;2009;1265888.368;1004959.191;2903952.935;574325.8386
DNK;0.479296875;0.420737275;3.21E-04;2.34E-04;2009;133160.8006;117439.9567;272647.0121;75044.30075
ESP;0.487109375;0.378136058;2.86E-04;4.19E-05;2009;293688.1744;350325.2464;1483541.275;215946.9323
EST;0.325390625;0.382121828;6.22E-05;-6.70E-04;2009;9918.404045;8832.514306;16806.46791;5599.510638
FIN;0.407421875;0.378953899;2.17E-04;2.76E-04;2009;87225.82517;79860.24615;216527.2193;53701.58148
FRA;0.569921875;0.406005805;6.10E-04;9.84E-04;2009;564578.9427;595525.524;2561139.219;350726.384
GBR;0.348828125;0.248268718;1.05E-04;-1.03E-04;2009;572279.8217;577281.3172;2115434.042;296823.6414
GRC;0.484765625;0.328072982;6.57E-04;-0.001327252;2009;45928.47664;89996.06911;351589.0732;32033.48519
HUN;0.403515625;0.519391725;1.30E-04;-0.001177017;2009;86121.6411;81386.02891;114323.0042;57147.30313
IDN;0.151855469;0.157174216;6.46E-05;-0.001386144;2009;130588.2704;109126.0964;527370.7819;71096.72124
IND;0.575390625;0.424879292;7.28E-04;-0.002192599;2009;227253.9757;267974.3402;1367541.099;188936.7524
IRL;0.276074219;0.477074878;9.93E-05;-0.001386121;2009;195689.1157;154971.7878;174444.5014;114522.3614
ITA;0.481640625;0.37008533;3.98E-04;-0.001880628;2009;467638.5561;476147.3121;2023016.841;287942.8129
JPN;0.474609375;0.230147487;2.80E-04;0.003491236;2009;640035.8933;569068.8024;4871828.105;372021.5189
KOR;0.361328125;0.443121883;3.37E-04;-0.001725333;2009;407710.1967;352512.8733;765613.436;269859.2987
LTU;0.492578125;0.453163091;2.32E-04;-6.47E-04;2009;17787.7088;18317.81363;35394.60285;10514.25662
LUX;0.273730469;0.627823291;3.53E-05;-1.28E-04;2009;79204.17785;63756.89569;35605.47734;53103.68468
LVA;0.325390625;0.324674495;1.44E-04;-0.001039589;2009;9650.080882;10057.26024;25106.5839;5765.799939
MEX;0.555078125;0.387493849;5.07E-04;-5.32E-04;2009;219208.2938;221336.6335;866632.2575;129219.661
MLT;0.363671875;0.466293739;1.63E-04;3.86E-04;2009;4978.867309;5595.790093;8187.350963;3257.703402
NLD;0.387109375;0.414976938;1.49E-04;7.88E-04;2009;431915.971;362207.7;694372.9374;251103.6838
POL;0.455859375;0.428313527;9.34E-05;2.63E-04;2009;165890.0608;158895.3922;406349.7512;102846.2226
PRT;0.533300781;0.441040162;2.09E-04;0.001550502;2009;56774.35462;77465.8001;241008.2465;42152.90534
ROU;0.350390625;0.340962588;5.56E-05;-2.11E-04;2009;46893.38914;56842.50005;165733.6942;33317.94001
RUS;0;0.050890925;1.21E-05;-0.01536223;2009;286686.3468;216665.4578;1066747.671;70052.60513
RoW;0.337890625;0.304097751;5.79E-04;-7.43E-04;2009;2360037.219;2797099.208;8143928.478;1705866.352
SVK;0.430078125;0.521232449;7.86E-05;-1.75E-04;2009;57239.25845;55238.94692;84099.72688;36538.16875
SVN;0.366015625;0.420659989;1.25E-04;-7.44E-04;2009;24932.81611;24863.44795;46213.1777;14991.98356
SWE;0.436328125;0.402395513;1.36E-04;-0.001348453;2009;181913.1667;152138.6113;351008.9235;99620.27372
TUR;0.467578125;0.294250445;1.63E-04;-6.01E-04;2009;117814.3359;136836.0124;603881.3303;65388.146
TWN;0.420703125;0.481627641;3.93E-04;-2.11E-04;2009;229938.5594;189322.1253;329049.4563;139333.6113
USA;0.508105469;0.210143635;2.68E-04;-0.002777133;2009;1402113.705;1779776.512;1.45E+07;990168.5007
AUS;0.287207031;0.170015009;9.64E-05;5.35E-04;2010;273733.2837;240089.8933;1205603.405;131846.9564
AUT;0.437109375;0.423453952;8.13E-05;9.39E-04;2010;179111.3492;165293.9424;346888.5774;101284.5317
BEL;0.465234375;0.526468362;1.55E-04;7.95E-04;2010;322584.6403;298178.2942;430450.2042;203464.2832
BGR;0.353515625;0.471272897;1.16E-04;-0.001078284;2010;21334.01389;24512.33355;45234.28786;15651.06844
BRA;0.463671875;0.230875862;1.68E-04;1.93E-04;2010;232982.246;235979.0571;1970776.637;147829.0419
CAN;0.405859375;0.299786384;3.14E-04;0.00184855;2010;449279.4349;456234.5499;1516270.046;245996.7198
CHN;0.237109375;0.288481819;1.15E-04;8.03E-05;2010;1743486.41;1433395.773;5687223.392;1118012.814
CYP;0.477734375;0.365765502;3.53E-04;3.47E-04;2010;4524.51134;8483.884251;25474.10315;3674.228029
CZE;0.390234375;0.550570643;1.26E-04;9.21E-05;2010;136855.5518;126404.0674;175656.2894;92933.45739
DEU;0.447265625;0.353577361;2.79E-04;-5.51E-04;2010;1391738.951;1107225.283;2890038.72;666278.8267
DNK;0.462890625;0.415304947;2.33E-04;-0.001215993;2010;141872.7356;121416.0352;268067.5775;78197.72379
ESP;0.508105469;0.418117449;2.90E-04;-0.001058396;2010;322167.1716;380447.8297;1415886.44;239081.806
EST;0.326953125;0.382240126;6.25E-05;-1.40E-04;2010;9835.29309;8765.490445;16667.32175;5538.738677
FIN;0.412890625;0.408273156;2.47E-04;-0.001296173;2010;93309.53474;86651.94404;214919.5371;59900.75489
FRA;0.575390625;0.433251867;5.89E-04;-0.001252564;2010;609073.76;642703.1532;2512759.522;388539.6582
GBR;0.376171875;0.276853772;1.37E-04;9.68E-04;2010;617534.523;639541.134;2196081.211;331134.8804
GRC;0.487890625;0.328578115;6.14E-04;-0.001414165;2010;42838.23783;83993.9386;327916.0453;29879.47484
HUN;0.374609375;0.533025528;8.44E-05;0.001197448;2010;97512.05486;90529.20677;113839.5867;65606.58445
IDN;0.093408203;0.149959235;6.04E-05;4.78E-04;2010;171667.8542;151155.0065;694385.8446;98000.79696
IND;0.550390625;0.394996733;6.08E-04;-4.05E-04;2010;308575.87;340763.4322;1685732.92;233976.6277
IRL;0.252050781;0.481103146;1.06E-04;1.45E-04;2010;197740.6452;152820.4045;155756.7128;115364.479
ITA;0.505175781;0.428325447;4.21E-04;0.001409485;2010;514167.574;547652.1594;1985304.303;343764.043
JPN;0.465234375;0.249845503;2.69E-04;0.003755071;2010;835356.3576;705549.5026;5269732.975;476163.1066
KOR;0.355859375;0.46102822;3.07E-04;0.003295395;2010;519652.8568;461432.2107;926872.6196;350340.2587
LTU;0.494140625;0.455504356;2.33E-04;-0.001295732;2010;17525.20607;18058.36247;34859.21782;10384.50106
LUX;0.274902344;0.628459586;3.53E-05;-2.59E-05;2010;81066.96977;65248.17954;36435.42519;54337.57252
LVA;0.326171875;0.32584112;1.45E-04;8.03E-04;2010;8957.404367;9340.76766;23306.68781;5372.381811
MEX;0.558984375;0.404837458;4.69E-04;5.89E-04;2010;286285.297;284403.5107;1018125.171;170607.1741
MLT;0.356640625;0.466663717;1.64E-04;-8.22E-04;2010;5036.950047;5661.191735;8285.117519;3297.767396
NLD;0.397265625;0.444989229;1.58E-04;-1.65E-04;2010;468328.0082;391264.3343;675552.0279;277884.8887
POL;0.475390625;0.473279172;1.25E-04;-8.94E-04;2010;191581.3705;189481.4807;441430.5313;125876.454
PRT;0.529199219;0.437937748;2.10E-04;-5.15E-05;2010;55295.9716;75499.76437;234728.4973;40946.78159
ROU;0.353515625;0.342106648;5.54E-05;-6.55E-04;2010;46919.0149;56910.10925;165828.8627;33282.06679
RUS;0;0.052349049;2.15E-05;-0.029240944;2010;371743.201;280014.1244;1275772.173;91197.50471
RoW;0.349609375;0.306497879;6.06E-04;2.36E-04;2010;2870206.468;3275723.425;9265314.627;1961861.529
SVK;0.430078125;0.521870104;7.79E-05;-0.001075261;2010;56957.86595;54970.30953;83690.37676;36421.79443
SVN;0.366796875;0.421722976;1.24E-04;1.10E-04;2010;23731.53876;23681.74;43996.68174;14311.61523
SWE;0.442578125;0.414074323;1.87E-04;-2.47E-05;2010;212123.1098;178440.3976;400598.5239;118479.0767
TUR;0.493359375;0.328783905;1.94E-04;8.93E-04;2010;129404.4005;178749.4805;740113.4652;81361.8049
TWN;0.403515625;0.519955732;3.39E-04;-4.21E-04;2010;311633.1065;268995.9397;383557.4358;198383.5482
USA;0.516894531;0.246621994;2.95E-04;0.001660041;2010;1634458.3;2142527.401;1.51E+07;1230204.261
AUS;0.296582031;0.188413993;1.19E-04;0.001588045;2011;326818.2303;304332.9675;1417152.109;171284.1937
AUT;0.444140625;0.448765645;8.07E-05;-0.001951307;2011;212266.7921;200016.4755;388543.0043;124306.4434
BEL;0.476171875;0.553115796;1.68E-04;9.36E-04;2011;371397.6322;349087.3259;474726.7746;243171.2687
BGR;0.353515625;0.471448732;1.15E-04;-5.75E-04;2011;23898.36288;27470.14003;50675.84211;17548.38244
BRA;0.480859375;0.252738563;2.03E-04;0.001040248;2011;294453.4472;299324.0937;2256495.43;187490.6128
CAN;0.395703125;0.296503738;2.97E-04;-1.07E-04;2011;518169.6416;514288.1929;1661648.036;277659.1377
CHN;0.234765625;0.294888472;1.13E-04;-0.001637385;2011;2086189.164;1791452.591;7092210.467;1434967.935
CYP;0.480078125;0.368141472;3.55E-04;-6.66E-04;2011;4868.039618;9139.973984;27417.92984;3952.507702
CZE;0.369921875;0.550810416;1.14E-04;7.26E-04;2011;164829.4512;150593.0456;190373.2134;110841.1717
DEU;0.446484375;0.368710915;2.70E-04;8.96E-04;2011;1602979.131;1304427.803;3191065.837;791780.5266
DNK;0.458984375;0.43179449;2.42E-04;5.93E-04;2011;159117.5198;136733.3268;284718.735;90687.4025
ESP;0.512792969;0.434182521;2.79E-04;-0.002588123;2011;386533.8063;428282.5129;1489128.683;277455.9271
EST;0.327734375;0.383065267;6.27E-05;0.001044517;2011;11484.27459;10239.27787;19463.91954;6485.550726
FIN;0.441015625;0.443132597;2.74E-04;-3.93E-05;2011;104298.3074;102165.9118;243651.0059;71284.3949
FRA;0.577734375;0.44457609;5.79E-04;2.30E-04;2011;691459.8873;747139.6169;2732499.284;456852.1268
GBR;0.386328125;0.290996335;1.60E-04;-6.38E-05;2011;701475.354;715533.8121;2349654.854;378231.0396
GRC;0.484765625;0.327718066;6.58E-04;-5.35E-04;2011;42560.67722;83517.59708;325848.2433;29683.35195
HUN;0.363671875;0.539673015;7.22E-05;9.74E-04;2011;114320.0183;105574.6004;124188.5895;76831.32775
IDN;0.070849609;0.155301531;6.22E-05;-3.99E-04;2011;218789.1902;195968.7921;832968.3608;127604.2094
IND;0.566015625;0.405614327;6.11E-04;-2.99E-04;2011;338087.9502;376792.9026;1924106.619;267603.0426
IRL;0.252050781;0.485858769;1.03E-04;6.68E-04;2011;217243.0228;164753.2891;159065.5884;125134.4015
ITA;0.502246094;0.436261683;4.18E-04;-1.21E-04;2011;596636.6742;621037.842;2123707.59;396762.6501
JPN;0.481640625;0.283908753;3.17E-04;-1.65E-04;2011;895486.5191;870637.1507;5878860.892;589567.8386
KOR;0.365234375;0.487492226;3.28E-04;0.002378219;2011;612792.9435;552991.8694;1025119.756;426459.422
LTU;0.494921875;0.456289199;2.33E-04;4.30E-04;2011;20509.33022;21148.06832;40807.07873;12182.67458
LUX;0.276074219;0.628838197;3.55E-05;-1.98E-04;2011;90521.89744;72854.23506;40689.33736;60747.99175
LVA;0.325390625;0.326023226;1.25E-04;-6.18E-04;2011;10529.41666;10985.57549;27400.54872;6326.142037
MEX;0.543261719;0.399743;4.50E-04;-6.29E-04;2011;343625.1902;342163.7755;1145353.47;202667.1923
MLT;0.356640625;0.466943335;1.64E-04;-6.16E-04;2011;5513.315561;6200.802788;9070.51505;3611.733173
NLD;0.390234375;0.455558244;1.66E-04;8.75E-04;2011;537108.2064;446994.9714;724100.0565;321358.3879
POL;0.486328125;0.498873077;1.22E-04;-9.11E-04;2011;226830.7052;223457.4195;483953.9393;153105.7025
PRT;0.536230469;0.447688058;2.18E-04;-7.13E-04;2011;57468.40432;78516.70144;244026.6302;43422.51372
ROU;0.355859375;0.341570707;5.60E-05;0.002237432;2011;54125.95831;65697.23713;191317.5578;38061.82591
RUS;0;0.061319264;3.21E-05;-0.035527758;2011;485518.2353;362247.9682;1578578.256;135462.2707
RoW;0.302734375;0.259717903;4.73E-04;2.56E-04;2011;3197176.053;3484382.564;1.10E+07;2101143.063
SVK;0.430859375;0.523382012;7.86E-05;0.001126674;2011;62821.76302;60670.23772;92326.82466;40367.28595
SVN;0.365234375;0.421362413;1.25E-04;5.08E-04;2011;25313.64123;25272.14827;46939.1557;15291.54857
SWE;0.443359375;0.416790044;1.90E-04;0.001351703;2011;249485.0037;210863.157;470877.8886;140179.7026
TUR;0.503417969;0.377302195;1.96E-04;-0.003027349;2011;157020.3959;233376.3548;809932.3592;106814.4993
TWN;0.417578125;0.528555068;3.64E-04;-4.24E-04;2011;338208.6779;293689.3705;414900.311;218443.5369
USA;0.531542969;0.27291949;3.35E-04;-0.004900356;2011;1841074.87;2398985.404;1.57E+07;1422981.383
