year	country	leontiefreuse	domesticpref	reuse	exports	imports	consumption	maxflow	importshare
1995	AUS	.12175452	.25498047	.1744248	73925.305	70489.133	365670.69	42787.918	.1603498
1995	AUT	.23849145	.48398438	.36229229	70221.195	75260.695	229063.5	42874.625	.25146857
1995	BEL	.38676122	.45195311	.47032925	177513.73	155354.05	250444.02	99869.07	.36301258
1995	BGR	.32163075	.46757811	.48927	5721.2671	5490.2383	12927.703	3984.7273	.29439899
1995	BRA	.078565136	.49814454	.19773437	55919.078	63624.574	732545.75	37090.176	.080694243
1995	CAN	.25057265	.43085939	.32395151	212586.25	183666.02	540625.88	104314.26	.24384367
1995	CHN	.15615195	.30185547	.25640893	167973.83	142146.19	708549.5	97007.648	.16217045
1995	CYP	.27110147	.5972656	.44416177	2020.3578	3903.8196	10594.498	1558.1382	.30946207
1995	CZE	.29783598	.33476561	.42835113	25501.355	27596.016	55608.074	17929.377	.3402319
1995	DEU	.17094257	.48789063	.28409398	577907.19	504027.53	2316427.3	278642.06	.17414281
1995	DNK	.26277599	.46835938	.33471978	63435.719	53811.496	157507.86	30717.586	.24355312
1995	ESP	.20514467	.46757811	.33591729	109520.28	124770.12	588779.25	76829.492	.17867707
1995	EST	.37583277	.40351564	.51076335	2167.3308	2546.418	3993.2959	1551.3623	.4133375
1995	FIN	.23380594	.37226564	.30621907	46602.191	35247.672	110996.63	23659.646	.22365442
1995	FRA	.19471495	.54091799	.33981404	334641.97	302123.13	1435498.9	177218.31	.17067745
1995	GBR	.19266309	.39726561	.28485143	302968.84	286045.41	1087567.3	160954.03	.20570873
1995	GRC	.18878776	.54794919	.34056273	9809.7012	27379.002	142931.27	9243.9668	.17925121
1995	HUN	.28763008	.44335938	.46877128	16317.31	18351.744	44123.309	12893.691	.30363265
1995	IDN	.15400495	.30429688	.22798428	54138.461	52847.547	242448.28	34829.203	.17818581
1995	IND	.10437132	.39960939	.21279237	42190.449	43742.137	372604.41	31182.736	.10545487
1995	IRL	.38514051	.30742186	.44136515	47267.145	37802.953	53031.93	25531.113	.37690231
1995	ITA	.18657921	.49023438	.35070437	264094.06	228255.45	1038030.1	145282.56	.1752947
1995	JPN	.062686034	.42773438	.12995419	483962.03	361449.03	5129858	219408.72	.064385578
1995	KOR	.23888764	.38789064	.3404364	148197.73	140581.44	507108.56	98962.906	.21452783
1995	LTU	.32687047	.45585936	.47776353	2833.936	3526.5134	7078.8887	1987.1016	.35575262
1995	LUX	.45116374	.34257811	.48027301	19400.99	15701.549	15950.536	10291.358	.44415477
1995	LVA	.2498329	.34023437	.34930196	1908.4843	2022.7769	4777.4419	1167.7367	.30254251
1995	MEX	.26071155	.56757814	.40545541	80757.945	71714.195	309626.03	48652.141	.18370169
1995	MLT	.50785714	.63583982	.67635876	2216.0415	3077.5579	4312.5742	1754.5325	.47139516
1995	NLD	.31392157	.38476563	.39367214	218027.08	183512.63	367665.06	119066.4	.31332609
1995	POL	.17176545	.44023436	.30312708	32273.09	27947.924	127271.95	17311.307	.17517263
1995	PRT	.27521193	.50107419	.42404917	27640.934	36177.395	114843.48	21312.25	.25390422
1995	ROM	.23231187	.37226564	.3466453	9015.4268	10941.068	38474.961	7132.3833	.2303849
1995	RUS	.073817387	0	.067934036	82173.133	64887.055	306832.66	25511.588	.16680229
1995	RoW	.23585777	.44726563	.36886403	701304.81	1059345.1	3458102.3	600340.63	.25468656
1995	SVK	.30968302	.30976564	.40597361	10351.617	9971.9414	18649.926	6406.3647	.34384176
1995	SVN	.33826548	.42382813	.44835234	9272.3555	9797.4111	19915.219	6041.7021	.33567062
1995	SWE	.25637752	.38085938	.33015391	96725.523	75831.352	217487.36	50177.582	.24133749
1995	TUR	.13837233	.53564453	.31544974	28373.26	36307.754	231600.41	22553.666	.13965936
1995	TWN	.33013564	.37226564	.40369698	126915.3	115491.2	260790.08	73726.633	.29788393
1995	USA	.095446393	.45585936	.17853586	765225.38	836252.81	7520856	457753.22	.10092259
1996	AUS	.12228701	.26904297	.17553997	83143.703	76231.18	403683.84	46021.98	.15658765
1996	AUT	.24987869	.48164064	.37232316	71629.422	77186.75	225115.08	43995.004	.26011181
1996	BEL	.38946036	.45195311	.47332948	173479.38	152499.64	242873.7	98031.594	.3662748
1996	BGR	.33174807	.36367187	.43850619	7358.5205	6176.1558	12589.075	4521.7593	.30961907
1996	BRA	.082458712	.53154296	.22531408	55162.199	66099.977	804175.38	40568.672	.07691969
1996	CAN	.24816731	.41445312	.31652111	227124.7	191782.2	557047.94	109336.89	.24456631
1996	CHN	.14119312	.30185547	.23786485	171683.66	143958.44	835133.88	99548.398	.14298365
1996	CYP	.29352885	.61826169	.47956398	2132.4482	4188.4321	10875.515	1740.8367	.32198986
1996	CZE	.28124648	.30351561	.39811924	27102.955	30603.807	63209.359	19354.988	.33886638
1996	DEU	.1738257	.48398438	.28227982	581114.5	498306.5	2228111.8	273695.97	.17738211
1996	DNK	.26180106	.46289063	.33009985	64834.832	53513.559	157450.59	30883.428	.24074255
1996	ESP	.20402843	.45664063	.32813758	121019.91	133889.72	610227.81	80803.719	.18309762
1996	EST	.37222505	.43789062	.51466495	2402.301	3144.9912	5250.4614	1811.0831	.41096157
1996	FIN	.23986222	.36289063	.30774933	46729.957	36045.813	109446.42	23786.969	.23080195
1996	FRA	.20074059	.55585939	.3413496	339102.44	302975.84	1446853.1	182586.45	.16964355
1996	GBR	.19837579	.39726561	.2908341	334168.19	313056	1139229.4	175437.59	.21247219
1996	GRC	.19139594	.55664063	.34777513	10151.808	29656.004	151374.31	9555.0215	.18359882
1996	HUN	.29632729	.43789062	.47939277	17439.83	19801.574	45337.043	14114.768	.31542784
1996	IDN	.14450577	.28720704	.21812707	61053.574	58053.246	277542.72	39408.344	.17145269
1996	IND	.10390841	.41289061	.21736257	44308.734	45931.418	394867.28	32434.908	.10458544
1996	IRL	.38611701	.31289062	.44295415	52335.352	41997.391	58906.438	28334.385	.37753251
1996	ITA	.16860756	.47773439	.31914696	284159.03	232407	1148930.4	145825.38	.16217202
1996	JPN	.073649682	.43789062	.15204623	455957.59	378258.28	4543005	230157.59	.075667359
1996	KOR	.25041348	.42226562	.37318575	154773.78	157516.02	554234.94	109917.63	.22216372
1996	LTU	.33191028	.46523437	.4803361	3562.3162	4409.3955	8824.3066	2468.0649	.35598046
1996	LUX	.47263485	.33476561	.50135034	20028.557	16564.074	16107.995	11147.512	.4583745
1996	LVA	.26905847	.35976562	.37549603	2300.4133	2566.3245	5614.2212	1469.6089	.32425052
1996	MEX	.26498485	.56210935	.41639903	99275.953	89773.445	356026.91	61096.402	.19717303
1996	MLT	.47555658	.62119138	.64274913	2118.2627	2989.7881	4382.6318	1617.9921	.4599041
1996	NLD	.31755856	.38398439	.39736268	217152.72	184335.77	367781.13	120140.5	.3151395
1996	POL	.1838164	.45585936	.33244756	34981.328	35401.547	148532.53	21487.621	.19290939
1996	PRT	.27421942	.50107419	.42265391	29019.02	38006.285	119754.49	22211.16	.25546405
1996	ROM	.25355458	.34414062	.36639974	9424.8926	12150.288	38844.293	8177.1938	.25171936
1996	RUS	.066460438	0	.061513789	89997.789	66316.477	366586.91	27868.98	.14524463
1996	RoW	.23340808	.43085939	.35454288	776487.38	1117279	3651165	630399.44	.25234118
1996	SVK	.36443034	.40664062	.5085879	10209.788	12268.023	22565.627	7978.2651	.37430567
1996	SVN	.33002317	.40742189	.43100259	9285.3418	9722.748	20034.791	5913.4316	.33160654
1996	SWE	.2479395	.38007814	.32032329	102366.7	79890.617	237781.86	52178.359	.23486978
1996	TUR	.15488034	.51982421	.31439453	35392.848	45857.664	253691.28	26948.307	.15863086
1996	TWN	.31959701	.37539062	.38893309	133807.56	116964.73	271537.56	73685.227	.28855589
1996	USA	.094749689	.45039064	.17677002	816263.63	892267.25	7952293	488823.69	.10175759
1997	AUS	.12528017	.30039063	.19173405	85657.672	82714.641	409463.09	47777.684	.16705953
1997	AUT	.25894707	.46289063	.36965746	71205.539	73026.523	197266.41	41527.723	.27200803
1997	BEL	.39495733	.43789062	.47456375	164690.69	143810.09	218800.42	93094.477	.37500241
1997	BGR	.37199298	.39648438	.4856101	6196.3501	5302.7749	9774.1123	3978.1111	.33203641
1997	BRA	.084241509	.53095704	.22389074	59446.551	73317.609	838911.44	42661.895	.081612907
1997	CAN	.26240176	.41914064	.33744997	240964.06	215113.23	589860.25	122736.77	.25891542
1997	CHN	.13820522	.26904297	.21948956	207239.22	152472.94	906726.56	113921.45	.13687399
1997	CYP	.30763337	.62705076	.49371433	2076.4211	4019.551	10386.333	1727.5698	.32252511
1997	CZE	.31268388	.32382813	.43603039	26967.137	29732.221	58586.871	19986.061	.34752575
1997	DEU	.1854666	.47226563	.28902078	569372.69	483107.59	1967672.1	265773.5	.19042139
1997	DNK	.26376277	.44648439	.32686278	59901.039	50842.656	146919.63	29412.523	.24582967
1997	ESP	.21663746	.45820314	.34107187	125440.92	135377.56	559745.94	81379.07	.19757758
1997	EST	.39731684	.40898436	.5179913	3067.437	3766.4902	5537.228	2209.5608	.43772653
1997	FIN	.24666233	.37070313	.31926066	46493.844	35691.461	104445.66	23744.902	.23646203
1997	FRA	.20919706	.54560548	.33788452	338361.97	287321.78	1295748.4	173761	.17582765
1997	GBR	.18672499	.39882812	.27693006	362418.13	330836.78	1254296.5	180164.66	.20463523
1997	GRC	.22330791	.59101564	.38799551	11542.936	30845.725	147126.53	10780.374	.1944024
1997	HUN	.3479391	.48867187	.53765649	20632.605	22427.26	46021.535	16416.604	.33647212
1997	IDN	.15446492	.31914061	.24722202	64405.785	60132.031	277335.75	42002.945	.17595764
1997	IND	.10338766	.40585938	.21416758	47568.328	49032.762	428621.09	35813.988	.10296903
1997	IRL	.38511756	.30664063	.43996733	58755.98	46212.121	63627.422	31441.051	.37760121
1997	ITA	.17503506	.48164064	.33471066	273709.31	232698.2	1094974.8	144860.7	.17001601
1997	JPN	.080050036	.43789062	.16265905	464289.44	364293.56	4142119.8	228186.3	.079084061
1997	KOR	.27716199	.43242186	.39654827	168162.03	157672.58	513109.47	116375.3	.23143868
1997	LTU	.34244239	.48007813	.48051512	4464.8936	5563.6318	10525.902	2930.6399	.37113652
1997	LUX	.51746637	.35898438	.5486877	19442.801	16946.412	15056.614	11623.227	.49120867
1997	LVA	.26008874	.36132813	.36266893	2550.0381	2864.4656	6221.3804	1576.9807	.32656813
1997	MEX	.28000963	.59492189	.44856036	113398.04	108932.42	434114.06	73680.984	.19895893
1997	MLT	.45251089	.59492189	.60625684	2044.2731	2760.7222	4160.8936	1516.7439	.44490701
1997	NLD	.32804853	.39492187	.41334072	206768.16	174567.5	339191.06	116680.41	.31974459
1997	POL	.1863945	.45117188	.3398222	36927.273	40806.637	152612.58	22913.02	.21529318
1997	PRT	.27870101	.50400388	.42985013	28310.242	37903.742	115372.04	21719.672	.26380247
1997	ROM	.25831807	.36992186	.37339404	9716.8027	11887.948	37148.004	7584.8335	.25366473
1997	RUS	.06846381	0	.064489409	87131.375	69744.813	381502.41	30180.004	.14882584
1997	RoW	.20933937	.40000001	.32362822	635985.06	1044709.9	3779140.5	595221.75	.23662065
1997	SVK	.37118322	.39726561	.50041437	11021.228	12608.458	22225.805	8007.4458	.3792356
1997	SVN	.33799773	.41367188	.43736684	9365.7686	9752.3926	19635.971	5968.2271	.33626923
1997	SWE	.26279378	.38320312	.33803001	101699.77	78082.055	215802.52	52064.629	.24592596
1997	TUR	.17318784	.46914062	.2948772	44182.52	52401.379	266665.31	32186.871	.16857566
1997	TWN	.32979396	.38242188	.39847898	141549.78	126404.93	285142.09	77962.391	.29624406
1997	USA	.095581539	.45117188	.17692284	902571.38	969989.94	8439902	523894.81	.10382582
1998	AUS	.12581062	.30273438	.19511035	71546.422	74824.578	370147.34	42260.223	.16940375
1998	AUT	.26472226	.45664063	.36805391	77143.125	76640.273	200346.42	43302.832	.27619156
1998	BEL	.38901499	.44179687	.475297	162774.11	144436.83	226313.45	92425.078	.37121934
1998	BGR	.31997544	.43710938	.46008009	5779.9995	5314.2168	11781.535	3748.4229	.30260548
1998	BRA	.086754434	.53212893	.22475836	58540.883	70462.461	811565.13	40338.75	.080981471
1998	CAN	.27367824	.41367188	.34116429	244423.69	218842.69	570410.06	123106.93	.26857343
1998	CHN	.12623841	.28017578	.20379813	207431.42	152027.78	971775.13	105787.76	.12892379
1998	CYP	.28315341	.60458982	.45249295	2095.2241	4033.8838	11033.02	1676.6053	.30726758
1998	CZE	.32237133	.34335938	.44262657	30641.168	31512.811	61100.008	20936.564	.34349692
1998	DEU	.18948461	.46835938	.29181802	600858.5	510269.03	1986871.1	278025.91	.19718793
1998	DNK	.26984951	.45976561	.33927608	59002.918	52477.117	151669.22	29998.582	.24909377
1998	ESP	.22415633	.46992189	.35451707	132596.05	150396.28	592499.13	87335.063	.20741592
1998	EST	.39838889	.39335936	.50906396	3484.3118	4203.4507	6250.2275	2499.741	.43180788
1998	FIN	.23180293	.35976562	.29915383	48939.293	36485.121	109403.46	23573.795	.23041864
1998	FRA	.21565501	.54560548	.34228268	356010.31	308308.41	1343418	182902.48	.1814189
1998	GBR	.17470759	.39882812	.26410371	360645.84	345103.03	1368523	179634.44	.19957741
1998	GRC	.22260068	.58710939	.37962034	11700.452	32574.074	149687.06	10775.769	.20183763
1998	HUN	.40008414	.53095704	.59458542	24583.807	27128.314	48309.563	19902.984	.37216437
1998	IDN	.21180163	.20585938	.24660954	49432.227	36952.926	100351.33	22966.809	.24670883
1998	IND	.11308187	.41523439	.22671629	49617.254	52971.809	435023.47	38256.438	.10930119
1998	IRL	.39359233	.28544921	.44408044	67689.961	55125.438	70640.969	36573.953	.39850405
1998	ITA	.17682537	.47851563	.33689272	279199.72	245836.95	1121118.1	149106.02	.17555797
1998	JPN	.074703932	.43632811	.14523062	422241.16	305787.91	3742991	184836.09	.07341437
1998	KOR	.27998656	.34492189	.34675449	154804.5	106221.76	306462.69	84296.891	.23028249
1998	LTU	.33124086	.50810546	.48208588	4172.6782	5658.8638	11910.408	2936.3647	.35185185
1998	LUX	.54098302	.36679688	.5742591	21319.361	18844.846	15846.179	13180.532	.50705159
1998	LVA	.28608486	.38164061	.39224699	2815.4558	3445.5894	6987.9175	1808.0156	.35146976
1998	MEX	.29408121	.58789063	.45389941	121689.77	124555.82	466347.81	80124.672	.21181609
1998	MLT	.46793473	.58398438	.60962558	2297.1777	2924.4392	4318.2754	1696.8492	.44206181
1998	NLD	.3208909	.40195313	.411053	207986.08	178706.42	356685.81	117218.82	.31647834
1998	POL	.21063882	.45976561	.36740068	44720.551	50367.117	169413.73	28555.574	.23521276
1998	PRT	.28308177	.51220703	.43289658	29811.219	41710.367	123401.34	22931.273	.27223858
1998	ROM	.23546852	.38867188	.34805152	9329.5967	12425.021	42986.27	7389.5586	.23750004
1998	RUS	.087944157	.024609376	.089658447	91285.063	63704.539	289317.25	29320.529	.16737822
1998	RoW	.22171795	.44414061	.35658532	643545.38	1012170.9	3589887	580918.13	.23908989
1998	SVK	.39029559	.39960939	.50898921	12467.781	14211.735	23430.395	8788.0127	.39589018
1998	SVN	.34562281	.42226562	.44289151	10013.91	10389.182	20586.455	6327.3369	.33951169
1998	SWE	.27245376	.39023438	.35264847	104969.38	83083.102	218553.16	55106.844	.25680777
1998	TUR	.16774394	.46523437	.27106825	45068.074	49810.633	270332.88	29321.98	.15792798
1998	TWN	.3296912	.38164061	.398442	129585.44	118725.57	265147.16	72133.094	.30077469
1998	USA	.089751169	.44960937	.1672257	864155.94	987743.88	8948874	514248.59	.10065636
1999	AUS	.13005091	.32460937	.20866625	82657.727	85369.617	401642.25	47299.742	.17627425
1999	AUT	.26346037	.44726563	.3636677	78761.547	77362.039	197857.03	43263.016	.27967045
1999	BEL	.38663658	.44335938	.47557563	160458.56	141951.66	224291.73	90971.531	.36894488
1999	BGR	.37454122	.45820314	.51825392	6949.7559	7204.3638	12531.33	4864.2227	.36981326
1999	BRA	.11017609	.54033202	.26980159	55558.945	60009.887	560464.56	37279.883	.097414933
1999	CAN	.27341625	.39414063	.3354744	276309.72	238488.83	601260.25	135494.03	.27176046
1999	CHN	.14306052	.29658204	.23177911	218500.95	177255.91	1050601	126393.36	.13967034
1999	CYP	.28309014	.58007813	.43179306	2162.2451	4092.2122	11229.645	1684.9912	.30557391
1999	CZE	.33154786	.34257811	.44297975	30919.514	31669.803	59247.758	20741.912	.3512339
1999	DEU	.19829163	.46992189	.30661324	600302.88	520999.81	1952754.1	288012.28	.204069
1999	DNK	.26707155	.44335938	.32218462	63789.141	52539.43	148084.75	29560.563	.24797501
1999	ESP	.23423457	.48476562	.3708849	134697.56	164268.97	617804.94	93467.211	.2182969
1999	EST	.39550084	.40585938	.49921295	3304.5654	3740.8933	6012.8359	2306.5994	.40149534
1999	FIN	.23226975	.35117188	.2950651	49564.395	36014.113	108589.29	23910.742	.22771592
1999	FRA	.21278045	.54619139	.3482286	351545.16	312844.66	1337767.5	183959.91	.1851905
1999	GBR	.17296365	.39414063	.26200733	365501	356517.81	1412873.4	183557.06	.20047399
1999	GRC	.24675037	.54501951	.36154333	16897.086	37335.688	152477.88	13793.254	.22043215
1999	HUN	.42545623	.53330076	.61104411	26340.254	29157.662	48855.965	21012.494	.38775435
1999	IDN	.16325827	.22226563	.20092686	51848.52	37259.637	152232.31	24751.604	.18257293
1999	IND	.1285135	.45664063	.27120891	55007.254	59759.285	465227.38	46330.457	.11486987
1999	IRL	.40794548	.26962891	.44997573	79579.023	63494.402	75612.352	42970.195	.40913615
1999	ITA	.17681135	.46914062	.33545074	267446.13	248998.5	1117033.4	146527.3	.17984989
1999	JPN	.072686896	.44414061	.14238742	449039.97	332977.69	4248719	196860.92	.070880115
1999	KOR	.27354345	.40273437	.38110185	166448.66	130177.74	410783.19	100507.88	.22552072
1999	LTU	.30961341	.51982421	.45833775	3530.4419	4855.9106	11461.566	2517.0793	.32389995
1999	LUX	.54758561	.33476561	.5764181	24659.52	21572.068	16901.143	15286.435	.51905018
1999	LVA	.25175232	.35976562	.33783531	2697.958	3166.022	7396.1558	1642.8521	.31365031
1999	MEX	.30216911	.58710939	.45016822	140102.45	140646.91	527088.06	90953.609	.21080472
1999	MLT	.48097685	.58710939	.62160712	2486.6763	3136.0852	4396.6826	1838.6383	.4556039
1999	NLD	.32380372	.39726561	.40939924	212322.09	184993.3	365732.53	120184.54	.32002735
1999	POL	.21130097	.48789063	.39533845	40164.016	47847.688	166385.56	27020.197	.23165232
1999	PRT	.27937695	.50810546	.42323592	29866.783	43418.066	127450.51	22394.635	.27599043
1999	ROM	.23502493	.31914061	.31134602	9671.4961	11308.976	36470.301	6426.7622	.2450918
1999	RUS	.10397322	0	.097302951	73610.602	40972.586	151148.77	20662.07	.18229534
1999	RoW	.23529913	.41210938	.33857912	824736.13	1054353.1	3486683.8	643263	.24454893
1999	SVK	.37942913	.38476563	.48674589	11639.414	12105.049	20114.07	7606.7998	.38121954
1999	SVN	.33962265	.42460936	.43324947	9573.6982	10471.028	21511.938	6151.3018	.33684459
1999	SWE	.27927926	.41289061	.37250775	107075.32	85453.43	222384.7	57559.855	.2593742
1999	TUR	.17245162	.51220703	.32328489	40944.055	45700.191	257564.53	28362.914	.15309507
1999	TWN	.3255831	.39335936	.39471686	140576.38	125228.89	282906.5	76166.711	.29571182
1999	USA	.094475523	.46210939	.18079136	889289.06	1111816.8	9609266	570581.69	.10590188
2000	AUS	.13249035	.31210938	.20483059	90273.75	83571.797	376251.41	46240.422	.17913674
2000	AUT	.28180087	.43398437	.37749597	78442.82	75856.156	178951.73	44051.914	.29470769
2000	BEL	.41493711	.42539063	.49774107	161850.19	147219.95	208391.42	96544.961	.39763212
2000	BGR	.36506972	.43398437	.49912643	6339.8667	6601.3638	12258.746	4424.8975	.35493851
2000	BRA	.12000041	.52158201	.28565338	64412.277	71432.039	612024.94	47023.426	.10560039
2000	CAN	.26991722	.37773436	.33133954	319788.34	263380.94	646112.5	153723.72	.27267906
2000	CHN	.17040917	.30039063	.26806006	279547	234740.13	1164834.3	172487.58	.1625195
2000	CYP	.32303679	.62412107	.48980629	2173.2644	4242.1309	10854.759	1803.1974	.32561585
2000	CZE	.3828789	.36289063	.50593787	33723.871	35362.211	57043.332	24347.473	.38959238
2000	DEU	.22186591	.45273438	.32851949	614536.88	548615.69	1741002.5	306189.5	.23290448
2000	DNK	.29976651	.44492188	.36347407	68026.875	56304.5	135982.06	34144.145	.27599037
2000	ESP	.2718356	.50576174	.42970049	140903.5	175674.7	589500.31	108881.42	.24051723
2000	EST	.41244546	.37226564	.50406176	3801.3362	4096.4849	6077.4233	2666.2441	.41467604
2000	FIN	.27490053	.37460938	.35275003	51607.938	38668.469	102241.57	27742.477	.25133955
2000	FRA	.24392341	.54970706	.38853258	349817.31	329007.38	1240773.3	201717.69	.20684604
2000	GBR	.1891091	.39882812	.27808633	378672.44	372960.94	1399652.8	195805.36	.20972595
2000	GRC	.30523711	.54501951	.42095298	18109.465	40427.125	141715.42	14708.619	.25294638
2000	HUN	.47982568	.55976564	.66353041	30283.072	33386.656	47882.242	25285.371	.42712879
2000	IDN	.1903749	.18173829	.22343098	65346.246	47322.125	158245.8	32129.143	.21164495
2000	IND	.14594768	.47382814	.30074492	67708.289	66742.156	475482.25	53165.648	.12287062
2000	IRL	.44776195	.27783203	.49034193	88633.641	72614.742	76654.477	50775.223	.4393222
2000	ITA	.2075852	.46992189	.37496266	271816.63	265066.13	1036346.8	162441.36	.20262462
2000	JPN	.083976351	.45585936	.16624412	512774.72	393855.25	4532695.5	242075.19	.078061156
2000	KOR	.29622605	.41601563	.41700667	199217.28	173153.47	486197.59	130448.04	.25262579
2000	LTU	.3394101	.51748049	.48008636	4403.0132	5338.125	11542.881	3094.9553	.33476487
2000	LUX	.58332205	.33632812	.61537641	26095.381	22860.846	15899.335	17138.438	.54437435
2000	LVA	.25820222	.36992186	.35402519	3038.6538	3394.6379	7853.0996	1869.3247	.31167048
2000	MEX	.30391347	.58554685	.45160607	170880.42	173118.36	632925.81	111526.01	.21537325
2000	MLT	.52526802	.60361326	.67384446	2854.0371	3538.1357	4399.7007	2222.9021	.48776725
2000	NLD	.34450087	.39257813	.42636767	214498.08	183369.48	339053.5	123940.11	.33125997
2000	POL	.2622866	.52568358	.46525732	46634.023	55163.602	171262.63	35682.977	.25316405
2000	PRT	.29985404	.51748049	.45458347	29622.074	43173.789	119737.01	22997.859	.28906035
2000	ROM	.26674312	.33085936	.34530154	11602.477	13620.558	38002.309	7790.9751	.27458152
2000	RUS	.10119984	.044140626	.10589384	98756.914	50383.551	193819.22	26373.006	.17220664
2000	RoW	.25013936	.38632813	.32843634	1081819.6	1180522	3497115.3	736909.56	.25781587
2000	SVK	.42566898	.40976563	.53794706	13620.688	13679.576	19898.357	9312.126	.40811354
2000	SVN	.36864612	.42226562	.46326864	9813.2236	10541.533	19485.721	6386.7324	.35979226
2000	SWE	.29803884	.41367188	.39479306	110832.79	89747.977	213566.17	60196.859	.27665925
2000	TUR	.19856144	.54912108	.40303981	42466.727	59045.727	285000.28	36649.852	.18031046
2000	TWN	.35957661	.39179689	.42318362	171728.88	155143.66	305064.81	95276.492	.3253895
2000	USA	.10609435	.47539061	.20706178	982508.63	1316038.5	10300000	686314.88	.11664414
2001	AUS	.12717986	.32460937	.20085163	80344.703	75165.031	357850.44	40754.695	.17153324
2001	AUT	.290214	.42773438	.38517877	82279.57	78919.836	178047.34	45839.066	.30315664
2001	BEL	.4114154	.41523439	.49337095	162421.3	146747.69	207806.97	96940.961	.39637083
2001	BGR	.3531138	.44960937	.50213736	6298.9702	7146.0151	13754.049	4571.1143	.35635608
2001	BRA	.13506991	.53095704	.31238464	67952.391	71207.594	524948.75	46190.23	.12010028
2001	CAN	.26212424	.36289063	.31482476	305527.03	251390.98	639453.25	144332.94	.26602775
2001	CHN	.16371404	.30185547	.25842893	299418.63	254919.05	1291500.6	181482.88	.16023381
2001	CYP	.31301445	.57851565	.4535369	2290.7747	4402.2007	11168.909	1852.5988	.32706568
2001	CZE	.39876586	.35507813	.51172483	37945.066	39436.941	61739.484	27521.508	.3956174
2001	DEU	.22078215	.43789062	.31815046	636044.31	543158.25	1702421	303457.13	.23227124
2001	DNK	.31187573	.44726563	.37509227	68753.719	56392.82	135520.89	35435.785	.27606377
2001	ESP	.25579649	.49101561	.40540728	144886.61	177717.69	614327.31	106899.66	.23408118
2001	EST	.33436745	.28134766	.39805096	4159.1689	4409.5317	7253.0664	2719.5598	.38638633
2001	FIN	.25232625	.36210936	.31973317	50362.371	37248.949	104350.81	25424.354	.24076131
2001	FRA	.23888285	.54150391	.37973228	348540	326535.28	1249702.4	196345.31	.20430899
2001	GBR	.18385625	.39257813	.266325	368615.59	369101.97	1396650.3	187594.81	.20909144
2001	GRC	.32473096	.54150391	.42300349	19156.715	42303.492	144930.11	14994.343	.25781164
2001	HUN	.46114188	.52275389	.62236106	33065.227	35449.813	52760.473	26369.15	.41304427
2001	IDN	.20483451	.24960938	.25908497	64404.523	48730.332	155746.05	34191.309	.22135001
2001	IND	.14227907	.49960938	.30681425	66875.422	65686.086	490299.22	51654.242	.11789138
2001	IRL	.45202863	.27080077	.48977324	96846.797	77624.117	80829.906	55534.867	.43688405
2001	ITA	.20276378	.45976561	.36127263	278622.94	266618.69	1050612	160528.33	.20058055
2001	JPN	.092111446	.46757811	.18211168	433152.06	364150.91	3991520.3	221609.05	.082300082
2001	KOR	.29063722	.41914064	.40732762	174125.47	153240.27	461091.75	115289.68	.24124072
2001	LTU	.35209981	.53154296	.50143701	5178.1348	6119.8311	12226.031	3540.8291	.35163024
2001	LUX	.59033346	.34882814	.62006646	25487.498	22774.639	16441.068	16893.301	.54317713
2001	LVA	.25828671	.34882814	.35003492	3223.6382	3832.0667	8576.6113	2030.7594	.32474455
2001	MEX	.30290154	.59492189	.43927553	162550.58	167753.03	675113.13	105444.05	.20026298
2001	MLT	.46703747	.50400388	.56437367	2432.6602	2954.3894	4103.6743	1683.21	.45199484
2001	NLD	.32912302	.38710937	.41279691	210812.11	178768.27	350403.09	121900.34	.31853783
2001	POL	.25402173	.48710936	.41624171	51317.555	55959.023	185994.34	35988.254	.23580369
2001	PRT	.29482934	.52275389	.45316058	29274.902	42744.25	122427.7	22830.344	.28176346
2001	ROM	.28400192	.37617189	.38590878	12503.776	15604.343	41954.289	9123.1953	.28653869
2001	RUS	.097591907	.027734375	.10015662	96552.648	59432.238	250229.09	30290.127	.17138226
2001	RoW	.24724004	.38085938	.32726035	1089314.5	1176110.3	3462615.8	733565.25	.25837615
2001	SVK	.45717126	.47070313	.59823471	14490.771	15893.354	21818.553	10693.617	.43772098
2001	SVN	.37019017	.41132814	.45192745	10317.847	10558.609	19437.76	6415.8101	.35484436
2001	SWE	.29783338	.40976563	.39569628	100696.19	81785.023	195954.91	55460.055	.27569434
2001	TUR	.21789169	.50869143	.38615009	42518.734	44933.313	205957.34	30880.184	.18083556
2001	TWN	.34227693	.40273437	.40423608	145951.67	123737.88	269485.38	78351.656	.29784989
2001	USA	.098370001	.48476562	.19382092	924669.56	1252718	10600000	633097.69	.10869882
2002	AUS	.12683243	.32460937	.200308	82430.875	85725.695	407371.91	45072.547	.17502084
2002	AUT	.28291479	.41210938	.36871207	90534.797	82047.734	188727.61	48363.582	.29380158
2002	BEL	.39286247	.40585938	.47068354	170547.55	148688.66	221265.38	98098.109	.37948892
2002	BGR	.33820352	.44960937	.4973653	7064.939	7993.2246	15463.854	5106.3721	.35480037
2002	BRA	.12948553	.49960938	.27920517	73652.594	62298.828	479588.06	42628.305	.11260711
2002	CAN	.25250909	.37617189	.31346542	293340.34	248272.02	664046.69	140795.27	.25932252
2002	CHN	.17601126	.29892579	.27123851	365404.5	308463.59	1410276.4	218173.13	.17371567
2002	CYP	.29457057	.56289065	.44084647	2303.2957	4735.1035	12254.667	1881.6322	.32525867
2002	CZE	.39242688	.36210936	.49851882	43184	44180.766	74490.594	30711.494	.37544864
2002	DEU	.20839983	.42539063	.29104376	695201.38	547031.88	1773984.1	302205.25	.22154345
2002	DNK	.29369682	.43476564	.3583298	72415.789	60285.703	148223.22	36300.586	.27323231
2002	ESP	.24422966	.47382814	.38384753	158476.86	190692.88	690202.19	114556.96	.22469375
2002	EST	.43141013	.43710938	.54556876	4530.1577	5149.8335	7748.9702	3297.4551	.41939732
2002	FIN	.24926043	.36992186	.32308471	53089.832	39039.121	113693.86	27353.219	.23407038
2002	FRA	.23078819	.54267579	.3662872	366869.09	338917.47	1361082.6	201728.19	.19613828
2002	GBR	.17433257	.39335936	.25237545	386747.81	391838.94	1543668.6	191525.28	.20298156
2002	GRC	.30060306	.54033202	.4030444	19530.932	46533.922	165801.44	16115.451	.25108361
2002	HUN	.43792072	.51279294	.58616722	37475.645	39852.59	65404.648	28864.297	.38736856
2002	IDN	.18224388	.28310546	.2482574	65533.691	50158.938	191703.73	35793.516	.19499083
2002	IND	.14713253	.48085937	.29990309	77841.125	74883.586	513912.97	58718.863	.1265451
2002	IRL	.41692463	.26904297	.45563275	104885.77	80475.664	91887.406	56780.703	.40897679
2002	ITA	.19363064	.45351562	.3445031	289676.97	280372.84	1153495.1	162298.97	.19427541
2002	JPN	.091163427	.45039064	.16893978	446074.53	353103.88	3806120	212207.42	.083040386
2002	KOR	.28031126	.42773438	.39723703	186166.48	164700.97	530536	120941.13	.22980382
2002	LTU	.33922514	.52158201	.49179855	5887.6299	7063.1143	14340.995	4087.7603	.34916434
2002	LUX	.57711613	.34726563	.60306346	27500.244	24223.121	18267.213	17732.875	.52926517
2002	LVA	.25663269	.36210936	.35090452	3536.3018	4288.2505	9673.8916	2248.811	.32461679
2002	MEX	.29961008	.60361326	.43393105	165015.34	168269.5	706166.75	105129.12	.19315077
2002	MLT	.44391954	.47929686	.53536242	2722.8252	3079.7151	4315.8159	1772.8137	.43754399
2002	NLD	.31391007	.38007814	.39056984	222189.92	184656.77	382162.03	123315.63	.30554509
2002	POL	.26380447	.48789063	.41972744	55901.691	60262.953	192221.64	38266.258	.24287499
2002	PRT	.28659195	.52744138	.44282022	31937.375	44343.797	132773.16	24109.225	.26922259
2002	ROM	.28372359	.37460938	.37963608	14965.509	17610.564	46552.699	10151.045	.28626588
2002	RUS	.089352377	.061279297	.095970392	104700.01	70062.758	291455.59	30896.838	.17685667
2002	RoW	.26267487	.37617189	.33938551	1102602.1	1252451.9	3502244.3	770981.94	.27198559
2002	SVK	.45332065	.47773439	.59871215	16402.096	17703.814	25054.607	12009.516	.42704347
2002	SVN	.36327115	.39101562	.43626171	11657.121	11480.333	21538.666	7072.1621	.34583706
2002	SWE	.28517953	.40820313	.37819856	106311.68	85720.063	216455.75	57158.449	.26557842
2002	TUR	.23225352	.53564453	.42403015	42479.102	49556.918	228742.36	33820.773	.18271755
2002	TWN	.34885117	.40117186	.41418561	156577.84	128581.84	269523.44	85690.016	.30176356
2002	USA	.094355538	.48789063	.18720667	903145.94	1281712.5	11100000	626613.63	.10678138
2003	AUS	.12163711	.35742188	.2067039	95572.914	103238.45	527567.94	53343.203	.16567433
2003	AUT	.28905448	.43007812	.38619164	109342.6	101992	233888.75	60400.422	.29715234
2003	BEL	.38529149	.42226562	.46837243	200681.06	175032.75	273165.84	115024.4	.3693867
2003	BGR	.35535359	.43476564	.50290149	9391.0732	10928.737	20117.133	6898.5527	.37036264
2003	BRA	.12345463	.48085937	.26636505	83307.25	63637.211	504215.47	44205.574	.10831447
2003	CAN	.23833388	.37617189	.30040699	324753.19	277697.28	792259.75	155512.56	.24860704
2003	CHN	.20910461	.28662109	.30274972	485016.16	422020.16	1596653.9	298302.06	.20273153
2003	CYP	.29419541	.57539064	.44706473	2752.5195	5495.7124	15053.914	2289.0649	.30863634
2003	CZE	.40110949	.35742188	.50013667	53603.645	54904.773	90436.656	38067.418	.38117647
2003	DEU	.2128727	.43085939	.29798248	839065.94	670656	2155284.3	372674	.22397381
2003	DNK	.28849825	.44101563	.35202369	85723.891	69948.602	180368.3	42757.387	.26287356
2003	ESP	.24293789	.47539061	.3790808	195988.31	238769.47	886542.63	141501.2	.22056596
2003	EST	.3625485	.32617188	.43298551	5829.6284	6606.2749	10850.779	3801.2502	.39604998
2003	FIN	.24673373	.36132813	.31221879	61683.82	48458.449	140780.47	31777.209	.2393432
2003	FRA	.22591792	.54794919	.36157233	427267.38	402447.84	1685735.8	237400.75	.1904625
2003	GBR	.17413723	.39882812	.25076899	443246.59	441883.06	1775141.8	217273.36	.19919103
2003	GRC	.26250374	.49882811	.34478682	26264.076	57366.289	214448.78	20503.012	.23831834
2003	HUN	.43921784	.50517577	.58065885	46029.438	50094.719	82392.305	35463.773	.39007974
2003	IDN	.16783805	.26435548	.22117254	73677.023	52966.543	224184.97	39192.711	.17782243
2003	IND	.14392443	.47460938	.28867051	88181.711	86656.922	600627.56	65958.32	.12580684
2003	IRL	.40630507	.28662109	.44970927	125481.45	96366.195	120381.7	68484.664	.39195055
2003	ITA	.1947833	.46210939	.3479484	341425.31	334460.22	1429106.5	197971.34	.18890382
2003	JPN	.091620982	.44960937	.17005768	508743.94	393676.22	4098694.5	238492.88	.085443623
2003	KOR	.29710153	.41914064	.3991788	223611.75	193962.75	589295.69	142887.3	.23860374
2003	LTU	.33714795	.52509767	.489373	7706.1147	9191.9561	18832.76	5310.9819	.34635818
2003	LUX	.55295444	.33242187	.58144695	33911.645	28878.828	22602.775	21340.039	.51099926
2003	LVA	.28036904	.36367187	.37821674	4269.9609	5449.8857	11841.751	2928.1177	.33825615
2003	MEX	.30386516	.59960938	.43378031	168192.92	170040.23	688485	107194.41	.19848794
2003	MLT	.43708402	.47617188	.53187007	3059.0459	3638.929	5250.7808	2024.6924	.43790671
2003	NLD	.31236905	.39023438	.39253607	266519.69	222165.97	470138.63	148667.69	.30158618
2003	POL	.28664929	.47617188	.43043372	71127.055	73868.523	208859.7	47580.777	.26382864
2003	PRT	.28809696	.52685547	.43467742	39403.391	52010.688	160004.92	28522.455	.26082507
2003	ROM	.29136539	.39414063	.3971138	18960.547	23491.879	61050.27	13312.198	.29360878
2003	RUS	.096481681	.070849612	.10517422	128799.05	86035.82	354442.72	41192.379	.17803888
2003	RoW	.27091798	.36835939	.34329981	1308815.1	1469827.6	3897372.8	906600.81	.28232321
2003	SVK	.46641883	.44726563	.57887453	24339.561	24067.104	32019.514	16962.75	.42703158
2003	SVN	.35895839	.39492187	.43585813	14287.013	14456.138	27479.602	8750.0947	.34611705
2003	SWE	.2812002	.41914064	.37590575	130882.3	104826.95	270777.22	69286.453	.2609846
2003	TUR	.24010636	.55585939	.44775438	53189.164	66806.211	302309.5	45359.141	.18792254
2003	TWN	.37618548	.41914064	.44585168	172974.55	142925.58	275897.09	98430.055	.31841081
2003	USA	.09809918	.49023438	.19168925	945047.31	1391176.3	11600000	689335	.11089446
2004	AUS	.1295874	.33789063	.20670749	122754.3	131595.58	638026.81	69652.109	.1729743
2004	AUT	.30868927	.45039064	.41068298	132051.94	122693.66	268179.06	73833.609	.30655712
2004	BEL	.39656854	.42851561	.48266274	238705.53	210429.5	318086.88	139383.05	.37793168
2004	BGR	.38294676	.43789062	.52981067	12285.348	14474.402	24816.004	9140.9502	.39013141
2004	BRA	.12852082	.46914062	.26839125	109195.01	79039.969	594867.25	56419.234	.11226276
2004	CAN	.24618539	.38476563	.30635053	374927.44	315849.25	901906.75	180429.08	.24736904
2004	CHN	.25005549	.28779298	.34719884	655829.13	570738.94	1874275.6	433731.91	.22557917
2004	CYP	.26355568	.56367189	.41890267	3349.8115	6384.3115	17609.646	2628.6968	.30460289
2004	CZE	.42314714	.34492189	.51081437	73695.672	72308.164	105369.99	50726.359	.40380809
2004	DEU	.22581805	.43085939	.31254452	1007507.3	789020.38	2400220.8	456004.03	.23153853
2004	DNK	.29332909	.44179687	.35815316	98085.016	83296.906	210178.06	50375.676	.27021369
2004	ESP	.25529346	.47460938	.38694152	229314.22	293693.97	1060553.9	171883.34	.22769302
2004	EST	.31990242	.25732422	.37561402	6843.5801	7725.7046	13743.957	4345.3818	.37526125
2004	FIN	.26960102	.38085938	.34103194	73102.305	58277.793	163067.89	39910.051	.24676184
2004	FRA	.23607542	.54970706	.37135708	492932.38	476344.72	1940223.5	282204.25	.19577238
2004	GBR	.17517056	.39414063	.25735176	523620.75	534548.94	2126650.3	276809.5	.20169595
2004	GRC	.27582067	.50634766	.3542335	36579.137	67830.344	248425.67	27271.854	.23799719
2004	HUN	.44726017	.50224608	.58007872	59362.41	63431.105	99662.086	44290.305	.39887631
2004	IDN	.19104771	.25205079	.24260832	81394.055	65882.078	240366.66	46332.867	.20475489
2004	IND	.17584565	.48007813	.3278811	123820.23	128122.55	708167.63	95749.516	.15399569
2004	IRL	.41730526	.27783203	.45726418	149748.22	117771.7	143662.27	84303.148	.40138888
2004	ITA	.2060217	.46289063	.36023495	405297.41	395652.88	1635604.4	238857.13	.1938618
2004	JPN	.10181923	.44414061	.18220076	613148.31	467719.97	4425186	289067.69	.09283226
2004	KOR	.31345537	.38867188	.40114874	289120.5	240516.63	645864.94	178837.64	.25724104
2004	LTU	.33024305	.53037107	.48890474	9118.8682	11091.372	23135.27	6466.0083	.34387439
2004	LUX	.58997685	.32695311	.61463141	44264.246	38409.27	26388.797	29223.232	.54363221
2004	LVA	.30358988	.40000001	.41970998	5203.7544	7141.4546	15031.294	3887.5486	.352925
2004	MEX	.31566882	.60654294	.44918573	191138.69	195191.52	750282.19	123963.82	.20733714
2004	MLT	.43924901	.46679688	.53351671	3345.3403	4078.3943	5999.8115	2307.9795	.43641821
2004	NLD	.32462406	.39882812	.40674359	313839.41	257878.86	526815.19	177490.13	.3067596
2004	POL	.30843139	.48632813	.46315929	93780.531	95764.781	243967.39	62578.742	.28353921
2004	PRT	.29910183	.53564453	.45039338	45584.91	62850.102	185917.63	34275.629	.27148774
2004	ROM	.30641282	.41757813	.42616326	25567.908	32323.281	78975.461	18696.773	.30918539
2004	RUS	.078657404	0	.073468588	174985.63	108093.68	475425.84	48394.961	.16619277
2004	RoW	.27756873	.35351563	.34408212	1623206.3	1798467.1	4532294	1117195.6	.29217237
2004	SVK	.45569265	.46835938	.57834309	30296.914	30326.504	40971.949	20886.859	.42552248
2004	SVN	.38781947	.39648438	.46329755	18044.291	18654.943	32350.072	11471.988	.37017918
2004	SWE	.28576216	.40117186	.36950505	159190.88	123953.54	306333.16	81912.352	.26626667
2004	TUR	.25863537	.55585939	.45121223	71898.789	93903.938	390403.13	59872.016	.20312254
2004	TWN	.4225564	.42460936	.4933511	206297.2	185090.77	311310.34	128567.18	.35758901
2004	USA	.11584847	.50341797	.22444968	1073132.5	1624997.1	12500000	874183.44	.1197216
2005	AUS	.13409248	.33085936	.2034896	149343.22	151441.7	705959.63	80858.914	.17706208
2005	AUT	.31691703	.44335938	.41795799	144305.81	133793.88	280198.41	81308.211	.31517678
2005	BEL	.40622512	.44335938	.49414405	247065.8	221153.78	336740.72	148021.66	.37881348
2005	BGR	.34255123	.41367188	.49166277	10701.976	14190.528	28482.756	8377.6982	.36214432
2005	BRA	.11849654	.46289063	.24993305	134029.8	96807.008	795202.69	67537.063	.10417953
2005	CAN	.23736899	.37929687	.29828125	416185.09	355455.47	1037155.3	201749.3	.24457826
2005	CHN	.25360006	.25908202	.33605441	836718.81	670058.94	2123614.5	525262.25	.22634578
2005	CYP	.22346294	.45039064	.3400324	3450.0903	6664.356	18863	2501.0625	.29867473
2005	CZE	.43158421	.35273439	.51496309	85928.977	81433.609	116670.24	58122.031	.40194434
2005	DEU	.24169043	.42460936	.32801875	1096000	865640.06	2427501.3	511121.75	.2456761
2005	DNK	.32459214	.44414061	.39145452	112538.84	96932.125	220830.02	61490.16	.2907654
2005	ESP	.26331431	.47539061	.39955229	245985.92	326928.69	1156846.4	190818.17	.23304902
2005	EST	.3599861	.27841797	.41507587	8210.8945	9115.8057	14990.559	5508.0015	.39289805
2005	FIN	.30331713	.40351564	.38854027	79071.609	68175.828	173329.67	48127.59	.27010888
2005	FRA	.24744435	.56210935	.39216992	517609.75	517951.34	2035951.3	310659	.20283492
2005	GBR	.17691438	.36914063	.25270993	547244.81	574998.75	2219255.5	298002.16	.20784336
2005	GRC	.25705492	.49335939	.34233969	37936.25	68675.086	258633.06	27454.328	.23156504
2005	HUN	.45203573	.46367186	.56355834	67510.242	70392.297	105698.15	49384.426	.40640235
2005	IDN	.18780357	.18857422	.22297692	93886.82	78243.844	264891.81	52352.203	.2180839
2005	IND	.20056282	.49648437	.3549442	157727.97	169922.11	838895.13	122513.32	.17049786
2005	IRL	.42061815	.29248047	.46896333	159911.94	131133.92	162039.95	91970.125	.40730906
2005	ITA	.22086228	.46992189	.38034239	428302.31	429718.53	1692797.1	265850.22	.20259236
2005	JPN	.1168443	.44414061	.20582294	653686.56	530733.06	4424927	337252.13	.10450353
2005	KOR	.32051376	.40273437	.41781372	327944.66	281709.81	770938.5	213349.55	.25636011
2005	LTU	.35784909	.48554689	.48197198	12539.707	14441.405	26710.889	8504.3857	.3679283
2005	LUX	.58871609	.31367189	.61676824	49834.598	42511.949	28334.213	32969.332	.54384798
2005	LVA	.29911983	.36601561	.40437138	6561.4224	8617.0615	17242.576	4695.4937	.36200058
2005	MEX	.2989316	.58789063	.43232962	218309.89	219826.55	835482.19	137732.94	.20860524
2005	MLT	.42849761	.43085939	.51778877	3577.498	4367.5864	6362.6167	2467.7397	.43938994
2005	NLD	.33635059	.39648438	.41520217	341871.75	276263.22	544249.13	194330.73	.31176698
2005	POL	.301384	.48085937	.45258221	112144.88	109753.16	286047.19	73109.031	.27562872
2005	PRT	.30676374	.54150391	.46662933	46689.047	66279.344	193276.45	36845.973	.27620363
2005	ROM	.29522273	.40000001	.40426314	31153.801	41395.488	103750.51	23935.936	.30685076
2005	RUS	.075137705	0	.071198821	226895.34	137665.44	602804.69	61198.074	.16592194
2005	RoW	.27545729	.33710939	.33189201	2014786.5	2135586	5170812.5	1331370	.2972036
2005	SVK	.45707384	.47148436	.58341289	34796.844	35572.91	47250.086	24063.377	.43356785
2005	SVN	.40310863	.39492187	.47205031	20166.838	20708.977	34224.559	12825.799	.38073993
2005	SWE	.30055282	.40273437	.38702694	170943.42	136436.25	315517.09	90728.844	.28046727
2005	TUR	.256935	.56914061	.46348968	83868.938	112728.18	484176.31	72506.5	.1984493
2005	TWN	.43483448	.43085939	.50210339	226720.56	200893.33	332014.91	142840.56	.35954997
2005	USA	.12413131	.49814454	.23661302	1187011.4	1834853.3	13300000	1019722.8	.12665506
2006	AUS	.14279079	.34023437	.21212769	161914.5	161775.14	752184.19	87956.008	.17697777
2006	AUT	.32780907	.44257814	.42956117	162637.2	147182.5	295069.56	91474.203	.32156506
2006	BEL	.42275554	.45351562	.51394415	273343.03	246146.92	358061.22	167453.77	.38984045
2006	BGR	.33587	.28955078	.4225665	18922.043	20576.428	33643.703	12365.217	.39144176
2006	BRA	.11690741	.47226563	.24853097	156508.08	118388	984053.31	80851.078	.10379801
2006	CAN	.23886563	.39648438	.30171147	447523.31	394786.22	1184180.1	221584.45	.24194729
2006	CHN	.24878578	.23476562	.32522964	1061578	802127.75	2494241.5	641106.81	.22558169
2006	CYP	.25703174	.49492186	.38127151	3796.7695	7593.4697	20693.42	2974.979	.31006169
2006	CZE	.45192167	.35664064	.53803015	103876.18	98543.68	133873.09	72086.289	.41448572
2006	DEU	.25995138	.41523439	.34184173	1258715	1003709.3	2533327.8	594736.5	.26468828
2006	DNK	.35346204	.43242186	.41406274	128101.82	115795.46	239265.2	73488.047	.31520376
2006	ESP	.28567442	.49335939	.4298529	278285.22	377946.47	1274467.4	224912.53	.24340418
2006	EST	.43170461	.41679686	.5247702	10009.093	11651.085	17377.313	6924.335	.42543316
2006	FIN	.32842121	.40117186	.40405434	91424.992	78162.406	181962.59	54538.176	.28590328
2006	FRA	.26172045	.56445313	.40635738	559843.19	569438.38	2159155.3	346115.66	.20942946
2006	GBR	.18331154	.37539062	.26198322	607572.75	632001.06	2374982	331882.25	.21189924
2006	GRC	.28486365	.49257812	.36674437	43661.844	80437.734	284219.47	30933.4	.24532577
2006	HUN	.47797349	.43320313	.57324409	81417.633	83013.078	107885.91	59362.047	.43851838
2006	IDN	.16444549	.16513672	.19262426	112559.64	88144.219	346386.84	61056.008	.19205773
2006	IND	.20960702	.47539061	.36546278	198123.95	213375.17	947707.19	158899.31	.18621869
2006	IRL	.4106591	.30273438	.46765491	170932.38	143958.75	184763.91	98316.469	.40472379
2006	ITA	.24453232	.48085937	.41494277	481657	496999.28	1785815.5	316158.38	.21918647
2006	JPN	.13919	.43867189	.23604515	703104.31	591311.63	4219379.5	394143.44	.12012465
2006	KOR	.33193681	.40585938	.43034783	373619.09	331011	877018.38	250526.13	.26467383
2006	LTU	.36276692	.48710936	.48775217	14802.129	17761.908	31585.998	9927.6279	.38289773
2006	LUX	.60468704	.28779298	.62746614	62816.273	51665.707	29456.559	41729.398	.55992329
2006	LVA	.31830764	.42148438	.46231395	7471.603	11386.667	22715.15	6231.2695	.3772074
2006	MEX	.29966855	.58398438	.42872486	251495.91	250118.98	936424.5	155655.41	.21055198
2006	MLT	.46287122	.41054687	.5414418	4339.1494	5158.8877	6760.3228	3060.106	.46478677
2006	NLD	.3511059	.39648438	.42767575	374203.84	309369.25	583072.13	218526.56	.32317665
2006	POL	.3267259	.47617188	.477247	137120.59	137410.61	324890.16	93629.438	.29741865
2006	PRT	.31795692	.53154296	.46588913	55476.367	74631.977	204838.94	42128.453	.28669837
2006	ROM	.29281229	.40351564	.40925199	38170.105	52856.406	130244.63	29788.492	.31384671
2006	RUS	.072082743	0	.067898661	285063.91	177506.77	790493.06	75893.836	.16503707
2006	RoW	.27259564	.33710939	.32815975	2317531.5	2481827.5	5955605.5	1547291.5	.29998627
2006	SVK	.48252654	.45585936	.59157586	44573.172	45020.051	55319	30947.662	.45068648
2006	SVN	.41542408	.37773436	.47591034	23592.172	24089.404	37343.715	14881.124	.39532375
2006	SWE	.31226054	.40000001	.39710844	192960.41	155369.56	339604	103516.48	.29173854
2006	TUR	.28352031	.59101564	.49814412	96586.477	135671.41	541456	86844.688	.21263695
2006	TWN	.45771897	.42382813	.51997197	250928	218687.45	336705.38	161639.69	.37214947
2006	USA	.13145983	.50341797	.24728678	1348900.3	2032551.1	14100000	1145546.9	.13156608
2007	AUS	.15195309	.35273439	.22656396	195359.2	203614.14	916600.69	112033.59	.18311284
2007	AUT	.33306721	.43710938	.43132341	194688.09	174264.31	338807.94	108578.3	.32664594
2007	BEL	.43358293	.45585936	.52330631	324688.84	292889.78	411351.63	201407.25	.39792618
2007	BGR	.4443776	.45195311	.59998751	23672.799	30675.434	44046.73	19772.752	.45297766
2007	BRA	.1185479	.46914062	.25065538	182673.14	153431.64	1253047.5	103015.1	.10686734
2007	CAN	.23296624	.40429688	.29943207	479760.69	429994.47	1321416	237927.91	.23872976
2007	CHN	.2433933	.22539063	.31559452	1342004.1	973630.81	3176598.3	795463.19	.21547167
2007	CYP	.28211623	.49492186	.40011302	4611.5791	9632.7842	24877.604	3729.0317	.32665485
2007	CZE	.45878211	.34960938	.53841573	133682.14	123846.64	160249.19	90236.727	.4213455
2007	DEU	.26684186	.40976563	.34780037	1510355.9	1170974.9	2835592	711750.63	.26944062
2007	DNK	.36700511	.43710938	.43203771	147311.58	135452.42	274629.13	87483.656	.32102242
2007	ESP	.29176569	.50224608	.43892372	334952.88	453611.84	1494496.9	273135.03	.24794988
2007	EST	.38105032	.40039063	.4815146	11380.256	13466.351	22206.619	7769.3413	.40094087
2007	FIN	.32593063	.40195313	.40268153	109319.49	92552.172	215165.81	65047.816	.28522763
2007	FRA	.26661435	.57695311	.41928509	636358.94	660251	2489622.8	401281.84	.21121398
2007	GBR	.18138026	.37460938	.25836897	703544.63	729681.25	2728348	383868.19	.21261774
2007	GRC	.27998602	.48085937	.36184978	51368.77	98724.664	337117.19	35984.293	.25412673
2007	HUN	.48243198	.42382813	.56943816	103086.97	101586.19	127523.68	73504.633	.44050953
2007	IDN	.15992925	.18173829	.19169793	125466.08	102583.45	415640.81	68672.711	.18958074
2007	IND	.21084623	.47539061	.36412099	242725.13	268350.44	1204682	199424.94	.1854008
2007	IRL	.40622485	.29248047	.46130145	202338.86	171829.48	215565.39	116295.45	.4111695
2007	ITA	.25049955	.47851563	.41681033	574777.88	577897.94	2017936.9	372066.97	.22289298
2007	JPN	.15310289	.43710938	.25127754	772058.5	639123.63	4201593	437864.91	.12850189
2007	KOR	.34212685	.39648438	.43518767	436228.16	385382.97	966246.31	291192.22	.27478787
2007	LTU	.31683803	.46367186	.44295269	17519.477	22277.305	41775.605	10862.955	.37570241
2007	LUX	.61259061	.26669922	.6310488	79144.18	64671.504	34660.914	52785.043	.56826544
2007	LVA	.30430073	.44960937	.45671082	10035.707	15338.8	32441.643	8408.5332	.36110538
2007	MEX	.29508165	.58085936	.42397127	275760.13	277634	1022320.8	170098.55	.21388036
2007	MLT	.45487434	.38164061	.52882636	5320.7524	6223.1943	7877.4819	3707.3401	.47151718
2007	NLD	.35041219	.39101562	.42227975	436276.72	357993.69	671502.06	250347.63	.32316351
2007	POL	.32793072	.46757811	.47692123	174806.16	179302.88	409328.41	118620.55	.30695474
2007	PRT	.31367746	.52392578	.45755747	66247.695	87100.148	237321.09	48781.199	.28692064
2007	ROM	.27543595	.41132814	.39740089	48894.801	71798.656	183822.88	38045	.30852258
2007	RUS	.069018669	0	.066181801	326695.75	241530.3	1095176.3	98946.898	.16986781
2007	RoW	.27996171	.33789063	.33748922	2656330.5	3029337.5	7159128	1850627	.30862924
2007	SVK	.47502851	.43867189	.5804764	61061.863	59368.938	71808.758	41776.574	.44681764
2007	SVN	.42147297	.37070313	.48424348	29219.039	30342.359	45911.445	18936.164	.40386215
2007	SWE	.3186709	.41132814	.41109768	226789.44	186026.55	395724.25	124390.23	.29883125
2007	TUR	.29377687	.59970701	.50520676	119530.02	164454.83	661962.75	107908.07	.21043679
2007	TWN	.45740247	.40585938	.5161292	277126.03	235846.05	346764.22	175477.89	.37802491
2007	USA	.13273142	.49960938	.24512333	1530925.4	2161402.8	14800000	1222666.4	.1323503
2008	AUS	.15774985	.34960938	.22608258	243242.17	223979.5	984650	126661.27	.18240975
2008	AUT	.3403779	.43164063	.43855473	218578.16	197448.31	376966.84	124516.59	.33154222
2008	BEL	.46113789	.47617188	.55777305	375094.16	354991.53	470776.16	246616.72	.41967607
2008	BGR	.4391357	.44414061	.58625925	28533.014	37860.242	54463.691	23542.955	.45616561
2008	BRA	.13008074	.46523437	.2711376	225925.78	211376.03	1528972.5	144373.78	.12044916
2008	CAN	.22528715	.40898436	.30275083	511222.81	465299.25	1411603.1	257644.31	.2419872
2008	CHN	.22396035	.22773437	.29997289	1581532.9	1165162.3	4158318.5	938516	.2029952
2008	CYP	.30211532	.55351561	.46190464	5147.4307	11415.839	29352.525	4382.9102	.33089429
2008	CZE	.45501864	.35976562	.53874576	160845.92	149210.14	201160.02	109662.2	.41217595
2008	DEU	.27540699	.42773438	.36023581	1671979.6	1323009.8	3129273	811526.63	.27555513
2008	DNK	.38752973	.46132812	.45439681	172483.94	156527.13	302105.09	102896.66	.32981613
2008	ESP	.29321346	.51337892	.44888642	366573.16	483950.56	1659682.1	301998.81	.23883988
2008	EST	.37452883	.36132813	.44814742	13084.973	13935.88	23128.262	8402.332	.38482836
2008	FIN	.34005985	.39414063	.41548187	123398.02	108837.96	241733.97	77016.766	.29807842
2008	FRA	.27766272	.55507815	.42682955	704818.88	745498.94	2765315.3	460090.34	.21483289
2008	GBR	.19988354	.35976562	.26655796	737461.63	748582.5	2594315.3	399782.06	.22467966
2008	GRC	.2936461	.48710936	.38618049	60927.844	115536.13	380873.25	42293.48	.26151165
2008	HUN	.48051846	.43398437	.57680678	116244.72	116238.97	146158.5	83639.531	.44297844
2008	IDN	.16760279	.13544922	.19073214	150603.3	137567.52	506276.78	87298.125	.20942561
2008	IND	.21888106	.51982421	.39136001	259622.89	294846.69	1329637.4	211301.47	.18552448
2008	IRL	.42092252	.28251952	.47256371	213772.95	181990.36	219650.33	126292.63	.41989058
2008	ITA	.2552475	.48710936	.42441258	620446.25	633477.94	2211442.8	408892.78	.22369447
2008	JPN	.18072291	.45976561	.30020347	861051.19	782840	4735979.5	565359.25	.13986702
2008	KOR	.41623771	.39101562	.50641221	495057.31	473784.94	898678.94	366926.56	.33993873
2008	LTU	.39316195	.51513672	.5291096	24346.732	29376.438	49922.234	17030.408	.39554122
2008	LUX	.61667043	.27080077	.63433433	90750.609	74058.078	39493.367	61106.797	.56861037
2008	LVA	.28778374	.40507811	.40802941	12076.112	16280.536	36267.066	9201.6787	.33677009
2008	MEX	.28814217	.5746094	.41716722	284015.88	294482.5	1106151.9	176991.5	.21183234
2008	MLT	.43779573	.38007814	.51493883	5961.311	6853.3579	8970.6895	4102.8184	.45897117
2008	NLD	.37083516	.38007814	.43593228	527855.13	438605.72	751489.38	309407	.34283629
2008	POL	.32624361	.46914062	.47835866	213238.3	225277.38	520890.16	148005.44	.3068637
2008	PRT	.32984731	.54326171	.48812324	72611.117	100750.89	265071.78	56629.367	.29835948
2008	ROU	.27952433	.40000001	.39851749	60280.25	86273.898	220896.91	46468.391	.30683112
2008	RUS	.071019322	0	.068213239	424573.44	322083.97	1409500.8	130374.48	.1756112
2008	RoW	.25973567	.30742186	.30587593	3336283.8	3569754	8519424	2187988.5	.30110005
2008	SVK	.46606714	.43710938	.57510096	73507.383	72874.141	92710.25	50802.121	.43842605
2008	SVN	.41145629	.37304688	.47549748	32166.34	34397.055	54070.793	20903.201	.39886594
2008	SWE	.3361308	.41914064	.43165722	248132.59	208723.92	424529.63	141048.48	.31029528
2008	TUR	.22330815	.48710936	.35588822	147548.3	192754.44	746949.69	98921.898	.21548896
2008	TWN	.48625988	.42539063	.55003619	288769.5	258045.08	364682.38	194659.02	.39489532
2008	USA	.15101783	.51337892	.27556568	1641838.6	2337644.8	15100000	1390790.5	.13962892
2009	AUS	.12645385	.30039063	.18106674	200696.48	192821.09	975694.88	106133.06	.16390897
2009	AUT	.29653737	.43007812	.39724678	168010.11	153419.23	350168.22	91994.484	.29607421
2009	BEL	.40545097	.45117188	.49289176	301037.72	275136.13	429727.41	181375.38	.37650418
2009	BGR	.34512907	.35273439	.46950695	21725.164	24912.59	46036.879	15880.828	.36764815
2009	BRA	.10159813	.46367186	.2230524	177168.16	168974.34	1509595.9	106412.34	.10017663
2009	CAN	.20598258	.41523439	.29405516	377137.53	381023.53	1292959.1	203866.52	.2281446
2009	CHN	.18883315	.23085937	.26267412	1333217.1	1048884.5	4748920	818232.56	.17245328
2009	CYP	.25954708	.47851563	.3665126	4628.4951	8671.1064	26052.65	3758.895	.28262004
2009	CZE	.41231579	.36757812	.49935547	121602.41	110242.02	172837.06	78305.656	.37441319
2009	DEU	.23712642	.45117188	.32564417	1265888.4	1004959.2	2903953	574325.81	.24100657
2009	DNK	.35913733	.47929686	.42073727	133160.8	117439.95	272647	75044.297	.28939798
2009	ESP	.24006525	.48710936	.37813607	293688.19	350325.25	1483541.3	215946.94	.19711876
2009	EST	.32678032	.32539064	.38212183	9918.4043	8832.5146	16806.469	5599.5107	.33049792
2009	FIN	.30102536	.40742189	.3789539	87225.828	79860.25	216527.22	53701.582	.26291177
2009	FRA	.24321826	.56992185	.4060058	564578.94	595525.5	2561139.3	350726.38	.19052437
2009	GBR	.18655467	.34882814	.24826872	572279.81	577281.31	2115434	296823.66	.21478526
2009	GRC	.24214382	.48476562	.32807299	45928.477	89996.07	351589.06	32033.484	.22639522
2009	HUN	.43256563	.40351564	.51939172	86121.641	81386.031	114323.01	57147.305	.40602747
2009	IDN	.13570257	.15185547	.15717421	130588.27	109126.09	527370.81	71096.719	.16585544
2009	IND	.23288725	.57539064	.42487928	227253.97	267974.34	1367541.1	188936.75	.16803057
2009	IRL	.42882001	.27607423	.47707489	195689.11	154971.78	174444.5	114522.36	.41869146
2009	ITA	.21320631	.48164064	.37008533	467638.56	476147.31	2023016.9	287942.81	.19117349
2009	JPN	.13269702	.47460938	.23014748	640035.88	569068.81	4871828	372021.53	.10324435
2009	KOR	.36812642	.36132813	.44312188	407710.19	352512.88	765613.44	269859.31	.3004396
2009	LTU	.33289331	.49257812	.45316309	17787.709	18317.814	35394.602	10514.257	.34443435
2009	LUX	.61173153	.27373046	.62782329	79204.18	63756.895	35605.477	53103.684	.55532694
2009	LVA	.2415594	.32539064	.32467449	9650.0811	10057.26	25106.584	5765.7998	.28936204
2009	MEX	.28958294	.55507815	.38749385	219208.3	221336.64	866632.25	129219.66	.20383899
2009	MLT	.39364943	.36367187	.46629375	4978.8672	5595.79	8187.3511	3257.7034	.42501119
2009	NLD	.34614652	.38710937	.41497692	431915.97	362207.69	694372.94	251103.69	.32159394
2009	POL	.28892791	.45585936	.42831352	165890.06	158895.39	406349.75	102846.22	.27767274
2009	PRT	.2749404	.53330076	.44104016	56774.355	77465.797	241008.25	42152.906	.26014212
2009	ROU	.24066979	.35039061	.34096259	46893.391	56842.5	165733.69	33317.941	.26733425
2009	RUS	.05295736	0	.050890926	286686.34	216665.45	1066747.6	70052.602	.16008572
2009	RoW	.24133135	.33789063	.30409774	2360037.3	2797099.3	8143928.5	1705866.4	.26628983
2009	SVK	.41765893	.43007812	.52123243	57239.258	55238.945	84099.727	36538.168	.39082596
2009	SVN	.36348975	.36601561	.42065999	24932.816	24863.447	46213.176	14991.983	.34947079
2009	SWE	.30682829	.43632811	.40239552	181913.17	152138.61	351008.94	99620.273	.28548002
2009	TUR	.1795008	.46757811	.29425046	117814.34	136836.02	603881.31	65388.145	.18960349
2009	TWN	.42431483	.42070311	.48162764	229938.56	189322.13	329049.47	139333.61	.33868727
2009	USA	.11374984	.50810546	.21014364	1402113.8	1779776.5	14500000	990168.5	.11192075
2010	AUS	.12301097	.28720704	.17001501	273733.28	240089.89	1205603.4	131846.95	.16229564
2010	AUT	.32154509	.43710938	.42345396	179111.34	165293.94	346888.56	101284.53	.31424707
2010	BEL	.43189198	.46523437	.52646834	322584.63	298178.28	430450.22	203464.28	.39596877
2010	BGR	.34621444	.35351563	.47127289	21334.014	24512.334	45234.289	15651.068	.36822832
2010	BRA	.10539141	.46367186	.23087586	232982.25	235979.06	1970776.6	147829.05	.10708026
2010	CAN	.20191185	.40585938	.29978639	449279.44	456234.56	1516270	245996.72	.23211554
2010	CHN	.21065079	.23710938	.28848183	1743486.4	1433395.8	5687223.5	1118012.9	.1929016
2010	CYP	.25951937	.47773439	.36576551	4524.5112	8483.8838	25474.104	3674.228	.2828092
2010	CZE	.45077002	.39023438	.55057067	136855.55	126404.07	175656.3	92933.461	.40447769
2010	DEU	.26071227	.44726563	.35357738	1391739	1107225.3	2890038.8	666278.81	.25859007
2010	DNK	.35535377	.46289063	.41530496	141872.73	121416.04	268067.56	78197.727	.2961798
2010	ESP	.27284986	.50810546	.41811746	322167.16	380447.84	1415886.5	239081.81	.21889304
2010	EST	.32654876	.32695311	.38224012	9835.293	8765.4902	16667.322	5538.7388	.33074057
2010	FIN	.32651231	.41289061	.40827316	93309.531	86651.945	214919.53	59900.754	.28112841
2010	FRA	.26788989	.57539064	.43325186	609073.75	642703.13	2512759.5	388539.66	.20587362
2010	GBR	.2038397	.37617189	.27685377	617534.5	639541.13	2196081.3	331134.88	.22730222
2010	GRC	.24186972	.48789063	.32857811	42838.238	83993.938	327916.03	29879.475	.22654881
2010	HUN	.45464334	.37460938	.5330255	97512.055	90529.203	113839.59	65606.586	.4283345
2010	IDN	.13803977	.093408205	.14995924	171667.86	151155	694385.88	98000.797	.17453305
2010	IND	.2151165	.5503906	.39499673	308575.88	340763.44	1685732.9	233976.63	.17086795
2010	IRL	.43720809	.25205079	.48110315	197740.64	152820.41	155756.72	115364.48	.4323099
2010	ITA	.25517794	.50517577	.42832544	514167.56	547652.19	1985304.3	343764.03	.21910717
2010	JPN	.14955345	.46523437	.2498455	835356.38	705549.5	5269733	476163.09	.11556743
2010	KOR	.37503269	.35585937	.46102822	519652.84	461432.22	926872.63	350340.25	.31899351
2010	LTU	.33396834	.49414063	.45550436	17525.207	18058.363	34859.219	10384.501	.34472772
2010	LUX	.6120097	.27490234	.62845957	81066.969	65248.18	36435.426	54337.574	.55529237
2010	LVA	.24246618	.32617188	.32584113	8957.4043	9340.7676	23306.688	5372.3818	.28950971
2010	MEX	.30341864	.5589844	.40483746	286285.31	284403.5	1018125.2	170607.17	.21803221
2010	MLT	.39452842	.35664064	.46666372	5036.9502	5661.1919	8285.1172	3297.7673	.42494845
2010	NLD	.37645766	.39726561	.44498923	468328	391264.34	675552	277884.88	.34205016
2010	POL	.32355803	.47539061	.47327918	191581.38	189481.48	441430.53	125876.45	.29933321
2010	PRT	.27514911	.52919924	.43793774	55295.973	75499.766	234728.5	40946.781	.26032206
2010	ROU	.24010411	.35351563	.34210664	46919.016	56910.109	165828.86	33282.066	.26750025
2010	RUS	.052828867	0	.05234905	371743.19	280014.13	1275772.1	91197.508	.16996147
2010	RoW	.2474879	.34960938	.30649787	2870206.5	3275723.5	9265315	1961861.5	.26992854
2010	SVK	.41825554	.43007812	.52187008	56957.867	54970.309	83690.375	36421.793	.39083537
2010	SVN	.36427453	.36679688	.42172298	23731.539	23681.74	43996.684	14311.615	.34965837
2010	SWE	.31645921	.44257814	.41407433	212123.11	178440.39	400598.53	118479.08	.29122588
2010	TUR	.19056939	.49335939	.3287839	129404.4	178749.48	740113.44	81361.805	.20557311
2010	TWN	.4621239	.40351564	.51995575	311633.09	268995.94	383557.44	198383.55	.38693842
2010	USA	.13460144	.51689452	.246622	1634458.3	2142527.5	15100000	1230204.3	.12803088
2011	AUS	.13735297	.29658204	.18841399	326818.22	304332.97	1417152.1	171284.19	.17450581
2011	AUT	.34209508	.44414061	.44876564	212266.8	200016.47	388543	124306.45	.33291146
2011	BEL	.4594335	.47617188	.55311579	371397.63	349087.31	474726.78	243171.27	.41257209
2011	BGR	.34639332	.35351563	.47144872	23898.363	27470.141	50675.844	17548.383	.3683598
2011	BRA	.11886551	.48085937	.25273857	294453.44	299324.09	2256495.5	187490.61	.11733833
2011	CAN	.20225976	.39570314	.29650375	518169.66	514288.19	1661648	277659.13	.23593175
2011	CHN	.2139006	.23476562	.29488847	2086189.1	1791452.6	7092210.5	1434967.9	.19518137
2011	CYP	.26015791	.48007813	.36814147	4868.0396	9139.9736	27417.93	3952.5078	.28309429
2011	CZE	.46432623	.36992186	.5508104	164829.45	150593.05	190373.22	110841.17	.42396373
2011	DEU	.27240255	.44648439	.36871091	1602979.1	1304427.8	3191065.8	791780.5	.27209336
2011	DNK	.37140158	.45898438	.43179449	159117.52	136733.33	284718.75	90687.406	.30807155
2011	ESP	.29673788	.51279294	.43418252	386533.81	428282.5	1489128.6	277455.94	.22833666
2011	EST	.32722795	.32773438	.38306525	11484.274	10239.278	19463.92	6485.5508	.33085221
2011	FIN	.34433377	.44101563	.44313261	104298.3	102165.91	243651	71284.398	.293623
2011	FRA	.28506812	.57773435	.44457608	691459.88	747139.63	2732499.3	456852.13	.21820927
2011	GBR	.21588692	.38632813	.29099634	701475.38	715533.81	2349654.8	378231.03	.23451436
2011	GRC	.24268436	.48476562	.32771808	42560.676	83517.594	325848.25	29683.352	.22669807
2011	HUN	.4595634	.36367187	.53967303	114320.02	105574.6	124188.59	76831.328	.44264483
2011	IDN	.14627622	.070849612	.15530153	218789.19	195968.8	832968.38	127604.21	.18632506
2011	IND	.2167628	.5660156	.40561432	338087.94	376792.91	1924106.6	267603.03	.16656078
2011	IRL	.44567034	.25205079	.48585877	217243.02	164753.3	159065.59	125134.4	.43781433
2011	ITA	.27044183	.50224608	.43626168	596636.69	621037.81	2123707.5	396762.66	.22829384
2011	JPN	.16833308	.48164064	.28390875	895486.5	870637.13	5878861	589567.81	.1285197
2011	KOR	.40093651	.36523438	.48749223	612792.94	552991.88	1025119.8	426459.44	.33761987
2011	LTU	.33456895	.49492186	.4562892	20509.33	21148.068	40807.078	12182.675	.34490064
2011	LUX	.61236715	.27607423	.62883818	90521.898	72854.234	40689.336	60747.992	.55524385
2011	LVA	.24271908	.32539064	.32602322	10529.417	10985.575	27400.549	6326.1421	.28962788
2011	MEX	.30031478	.54326171	.39974299	343625.19	342163.78	1145353.5	202667.19	.22979763
2011	MLT	.39481273	.35664064	.46694332	5513.3154	6200.8027	9070.5146	3611.7332	.42518342
2011	NLD	.39239886	.39023438	.45555824	537108.19	446994.97	724100.06	321358.38	.35441804
2011	POL	.34310523	.48632813	.49887308	226830.7	223457.42	483953.94	153105.7	.31438133
2011	PRT	.27884114	.53623044	.44768804	57468.406	78516.703	244026.63	43422.516	.26042452
2011	ROU	.23897155	.35585937	.34157071	54125.957	65697.234	191317.56	38061.824	.26766741
2011	RUS	.061855376	0	.061319266	485518.25	362247.97	1578578.3	135462.27	.17549953
2011	RoW	.21006577	.30273438	.25971791	3197176	3484382.5	11000000	2101143	.24542786
2011	SVK	.41948664	.43085939	.52338201	62821.762	60670.238	92326.828	40367.285	.39104602
2011	SVN	.36449185	.36523438	.4213624	25313.641	25272.148	46939.156	15291.549	.34977397
2011	SWE	.31866631	.44335938	.41679004	249485	210863.16	470877.88	140179.7	.29271796
2011	TUR	.22190583	.50341797	.3773022	157020.39	233376.36	809932.38	106814.5	.24135239
2011	TWN	.47279847	.41757813	.5285551	338208.69	293689.38	414900.31	218443.53	.38996929
2011	USA	.149148	.53154296	.27291948	1841074.9	2398985.5	15700000	1422981.4	.13676389
