year,country,pref,reuse,variance,covariance,exports,imports,consumption,maxflowreuse,leontiefreuse,impshare,logsize
1995,AUS,.23486328,.16647494,4.5583715e-06,-.0004650621,73925.305,70489.133,365670.69,.59376597,.12204743,.1603498,12.993611
1995,AUT,.48486328,.3617534,.000010128108,-.0029276724,70221.195,75260.695,229063.5,.63216901,.23854312,.25146857,12.609151
1995,BEL,.4144043,.46459037,.000017649991,.0001219336,177513.73,155354.05,250444.02,.57958615,.38694286,.36301258,12.96678
1995,BGR,.48388672,.49897471,.000044000419,.0010290951,5721.2671,5490.2383,12927.703,.70880026,.32184473,.29439899,9.8335466
1995,BRA,.49951172,.19673125,7.4996005e-06,.0017744066,55919.078,63624.574,732545.75,.69315976,.078678109,.080694243,13.577843
1995,CAN,.4284668,.32000762,.00001412105,.0010626186,212586.25,183666.02,540625.88,.5041756,.25061095,.24384367,13.532103
1995,CHN,.28564453,.25137472,3.1257712e-06,.0019462429,167973.83,142146.19,708549.5,.5900864,.15726937,.16217045,13.683719
1995,CYP,.59736329,.43207338,.00002429989,.00034831479,2020.3578,3903.8196,10594.498,.99012798,.27110696,.30946207,9.4426308
1995,CZE,.33940428,.43115988,3.1430832e-06,-.00091599114,25501.355,27596.016,55608.074,.7058444,.29851067,.3402319,11.303555
1995,DEU,.47509766,.28241935,.000012357697,-.0016490953,577907.19,504027.53,2316427.3,.49182612,.17095619,.17414281,14.878265
1995,DNK,.4284668,.32425433,.000023882549,.00036439425,63435.719,53811.496,157507.86,.49320245,.26286271,.24355312,12.305663
1995,ESP,.47607422,.33528137,.000051185663,.0053096297,109520.28,124770.12,588779.25,.70611602,.2054619,.17867707,13.456404
1995,EST,.40913087,.50794959,7.0919182e-06,.00059727649,2167.3308,2546.418,3993.2959,.73369777,.37605262,.4133375,8.725934
1995,FIN,.35976562,.31060353,.0000245011,-.00089706853,46602.191,35247.672,110996.63,.50891042,.23397708,.22365442,11.967808
1995,FRA,.52019042,.3314158,.00012794674,-.00052005553,334641.97,302123.13,1435498.9,.54380029,.1948674,.17067745,14.38657
1995,GBR,.42231447,.29436415,7.4727500e-06,-.0026733982,302968.84,286045.41,1087567.3,.55742371,.19277662,.20570873,14.1452
1995,GRC,.54543459,.3467561,.000021251455,.00063700241,9809.7012,27379.002,142931.27,1,.18884596,.17925121,11.936499
1995,HUN,.4284668,.46189645,9.6197091e-06,.0012776065,16317.31,18351.744,44123.309,.79504722,.28796053,.30363265,11.009417
1995,IDN,.36992186,.25291723,.000033692158,.00015424512,54138.461,52847.547,242448.28,.70644152,.15397921,.17818581,12.600095
1995,IND,.40737304,.20981301,.000022157425,.0016130185,42190.449,43742.137,372604.41,.75648475,.10463353,.10545487,12.935539
1995,IRL,.29970703,.44077638,7.0375131e-06,.00035531117,47267.145,37802.953,53031.93,.58337712,.38528475,.37690231,11.515912
1995,ITA,.49755859,.35315356,.000065728127,.000072343209,264094.06,228255.45,1038030.1,.56265706,.18684492,.1752947,14.079508
1995,JPN,.44340819,.12911004,.000021761669,-.00099836278,483962.03,361449.03,5129858,.45335937,.062708534,.064385578,15.540742
1995,KOR,.36992186,.34081969,.000014994892,.00016657068,148197.73,140581.44,507108.56,.67723793,.23891407,.21452783,13.392859
1995,LTU,.43813476,.47661886,.000022390694,-.000031103693,2833.936,3526.5134,7078.8887,.77598518,.32695514,.35575262,9.2015848
1995,LUX,.30932617,.47750899,5.1137135e-06,-.00021437407,19400.99,15701.549,15950.536,.56738311,.45116392,.44415477,10.473097
1995,LVA,.35039061,.35386354,3.8862345e-06,-.00033806358,1908.4843,2022.7769,4777.4419,.66957778,.24989142,.30254251,8.8077602
1995,MEX,.59033203,.40447542,.00010685519,.00037569433,80757.945,71714.195,309626.03,.65017933,.26073843,.18370169,12.874887
1995,MLT,.60461426,.66796625,.000069004447,-.00089491304,2216.0415,3077.5579,4312.5742,.86634266,.50786155,.47139516,8.7839499
1995,NLD,.42143553,.41083613,7.6111824e-06,.0018466846,218027.08,183512.63,367665.06,.55115026,.31402007,.31332609,13.28055
1995,POL,.4302246,.29560128,.000024764118,.00018853809,32273.09,27947.924,127271.95,.54409516,.17207709,.17517263,11.980082
1995,PRT,.49267578,.43025503,.000011816853,-.0033260884,27640.934,36177.395,114843.48,.80451608,.27535224,.25390422,11.866988
1995,ROM,.36914063,.34759107,9.2235405e-06,-.00044634481,9015.4268,10941.068,38474.961,.84917974,.23283325,.2303849,10.768283
1995,RUS,0,.074903071,7.5542869e-07,.00086855213,82173.133,64887.055,306832.66,.32444149,.073927745,.16680229,12.871349
1995,RoW,.40209961,.34594315,.000054389733,.0003137688,701304.81,1059345.1,3458102.3,1,.23595788,.25468656,15.240883
1995,SVK,.29794922,.40031341,.000011314025,-.0011987293,10351.617,9971.9414,18649.926,.63744009,.31024826,.34384176,10.275105
1995,SVN,.44340819,.44893274,.000040100102,-.00036652765,9272.3555,9797.4111,19915.219,.65162456,.33843768,.33567062,10.281498
1995,SWE,.39726561,.33308467,.000010791753,-.0014733894,96725.523,75831.352,217487.36,.5198139,.2565442,.24133749,12.657826
1995,TUR,.55283201,.32704228,.000022928894,.00071965158,28373.26,36307.754,231600.41,.83070374,.1384062,.13965936,12.468335
1995,TWN,.37226564,.4083277,.000011966803,-.001566582,126915.3,115491.2,260790.08,.63747418,.33013943,.29788393,12.868001
1995,USA,.48486328,.1941013,.00001816628,-.003691986,765225.38,836252.81,7520856,.60188812,.09551426,.10092259,15.930088
1996,AUS,.27099609,.17844334,4.1541366e-06,-.00038202756,83143.703,76231.18,403683.84,.56992799,.12257905,.15658765,13.095665
1996,AUT,.48486328,.37293443,7.9836682e-06,-.0014400032,71629.422,77186.75,225115.08,.64148647,.24992995,.26011181,12.600627
1996,BEL,.40913087,.46531025,.00001934885,.000096378724,173479.38,152499.64,242873.7,.58366698,.38964817,.3662748,12.939289
1996,BGR,.38710937,.45053044,.00004135933,.00095034944,7358.5205,6176.1558,12589.076,.63504004,.3319633,.30961904,9.9008636
1996,BRA,.53308105,.22417198,9.3570397e-06,-.0012653673,55162.199,66099.977,804175.38,.76246572,.082586855,.07691969,13.663918
1996,CAN,.4144043,.31269929,.000015289776,.00053014461,227124.7,191782.2,557047.94,.49205753,.24821632,.24456631,13.572385
1996,CHN,.28564453,.23191729,2.1562419e-06,.0027436758,171683.66,143958.44,835133.88,.59240347,.1423087,.14298365,13.822305
1996,CYP,.6338135,.48233682,.000038522176,-.00006657029,2132.4482,4188.4321,10875.515,1,.29353338,.32198986,9.4733171
1996,CZE,.30112305,.39788625,2.7565759e-06,-.00045657583,27102.955,30603.807,63209.359,.71678066,.28196746,.33886638,11.411029
1996,DEU,.46923828,.28124881,.00001183047,-.0035201623,581114.5,498306.5,2228111.8,.48110181,.17383896,.17738211,14.848419
1996,DNK,.42495117,.32027248,.000020382082,.0014889051,64834.832,53513.559,157450.59,.4851172,.26188105,.24074255,12.311718
1996,ESP,.46533203,.3276673,.000044654742,-.000016236596,121019.91,133889.72,610227.81,.67279696,.20434959,.18309762,13.502507
1996,EST,.44780272,.51298004,8.6725931e-06,.00064576871,2402.301,3144.9912,5250.4614,.78281486,.37236595,.41096157,8.9428215
1996,FIN,.35117188,.31116545,.000018612902,.00022519914,46729.957,36045.813,109446.42,.50992197,.24007531,.23080195,11.958741
1996,FRA,.52878416,.33389965,.00011317353,-.0029127093,339102.44,302975.84,1446853.1,.54078096,.20086968,.16964355,14.395464
1996,GBR,.42143553,.29893914,5.6748063e-06,.001482865,334168.19,313056,1139229.4,.55011988,.19849303,.21247219,14.203081
1996,GRC,.55810547,.35933205,.000026528032,-.0018780981,10151.808,29656.004,151374.31,1,.19145727,.18359882,11.992422
1996,HUN,.43286133,.47698674,6.1231267e-06,-.00021664606,17439.83,19801.574,45337.043,.81408882,.2965906,.31542784,11.047342
1996,IDN,.36289063,.24975017,.00003302424,-.00067229464,61053.574,58053.246,277542.72,.69830394,.14449531,.17145269,12.732564
1996,IND,.42231447,.2143511,.000024598066,-.0026625297,44308.734,45931.418,394867.28,.75293213,.10414393,.10458544,12.992656
1996,IRL,.30249023,.44179639,7.4762843e-06,-.00030677597,52335.352,41997.391,58906.438,.58170843,.38628483,.37753251,11.619461
1996,ITA,.48388672,.31925964,.000055975019,.0027040178,284159.03,232407,1148930.4,.52311164,.16885215,.16217202,14.175344
1996,JPN,.44999999,.14942372,.000024121189,.00069746841,455957.59,378258.28,4543005,.5047785,.07369718,.075667359,15.424741
1996,KOR,.40649414,.37511045,.000017139449,-.001497952,154773.78,157516.02,554234.94,.71710455,.25044292,.22216372,13.471623
1996,LTU,.44956055,.47887191,.000022660251,.0014531099,3562.3162,4409.3955,8824.3066,.76581818,.33197948,.35598046,9.4243727
1996,LUX,.30659181,.4990027,5.5304181e-06,-.000089242763,20028.557,16564.074,16107.995,.59341472,.4726319,.4583745,10.49506
1996,LVA,.37539062,.38125688,3.3984809e-06,-.00096559251,2300.4133,2566.3245,5614.2212,.69067556,.26911181,.32425052,8.976469
1996,MEX,.59033203,.41805184,.00010973201,.00043358633,99275.953,89773.445,356026.91,.66879094,.26500809,.19717303,13.028718
1996,MLT,.58974612,.63386297,.000057534031,-.00055320922,2118.2627,2989.7881,4382.6318,.83433455,.47556353,.4599041,8.7796955
1996,NLD,.41879883,.41472006,6.8771219e-06,-.00059918675,217152.72,184335.77,367781.13,.55736148,.3176643,.3151395,13.279254
1996,POL,.44956055,.32573879,.000027454817,.0011401901,34981.328,35401.547,148532.53,.62258017,.18412441,.19290939,12.120046
1996,PRT,.49072266,.42764848,.000010536438,-.00062527915,29019.02,38006.285,119754.49,.79615539,.27437609,.25546405,11.91018
1996,ROM,.34760743,.36866021,6.4887486e-06,-.00098559703,9424.8926,12150.288,38844.293,.93455476,.2542311,.25171936,10.784549
1996,RUS,0,.062512644,3.4845630e-07,-.0012385065,89997.789,66316.477,366586.91,.32238403,.066575587,.14524463,13.031529
1996,RoW,.38710937,.33330753,.000059669794,.0010792998,776487.38,1117279,3651165,.96629161,.23351654,.25234118,15.30338
1996,SVK,.39492187,.50282389,8.5404135e-06,.00028909039,10209.788,12268.023,22565.627,.80240816,.36494014,.37430567,10.397434
1996,SVN,.42319337,.42966291,.000035465753,.0016134996,9285.3418,9722.748,20034.791,.63685662,.33020553,.33160654,10.28603
1996,SWE,.39023438,.32032484,8.0196896e-06,.00041519516,102366.7,79890.617,237781.86,.51063567,.24811578,.23486978,12.737138
1996,TUR,.5406006,.32821739,.000029303937,-.000028020171,35392.848,45857.664,253691.28,.81035924,.15490738,.15863086,12.574473
1996,TWN,.36757812,.39071056,.000012271104,-.00087657914,133807.56,116964.73,271537.56,.6068334,.31961027,.28855589,12.912494
1996,USA,.48095703,.1918882,.000017709935,-.0028685653,816263.63,892267.25,7952293,.6034143,.094813496,.10175759,15.986683
1997,AUS,.28154296,.18288112,4.8551310e-06,-.00015986124,85657.672,82714.633,409463.09,.55777472,.1255631,.16705951,13.112557
1997,AUT,.46435547,.36885142,5.5142955e-06,.00011532624,71205.539,73026.523,197266.41,.60736853,.25899756,.27200803,12.500502
1997,BEL,.39648438,.46663281,.000016866479,.00053307822,164690.69,143810.09,218800.42,.58312255,.39514688,.37500241,12.857072
1997,BGR,.40385741,.49136961,.000022656081,.0008783401,6196.3501,5302.7749,9774.1123,.66835576,.37211847,.33203641,9.6784964
1997,BRA,.53254396,.2237827,9.7837174e-06,.0018936136,59446.551,73317.609,838911.44,.74576581,.084371984,.081612907,13.708323
1997,CAN,.4161621,.33338627,.000011976336,.00036780053,240964.06,215113.23,589860.25,.52722788,.26244906,.25891542,13.630174
1997,CHN,.26220703,.21622519,1.9805746e-06,.00069661596,207239.22,152472.94,906726.56,.56381118,.13933052,.13687399,13.923437
1997,CYP,.64523923,.49698532,.000036858521,-.0010124501,2076.4211,4019.551,10386.333,1,.30763859,.32252511,9.4305
1997,CZE,.33051759,.44058836,4.3296805e-06,.00056685903,26967.137,29732.221,58586.871,.74467981,.31335986,.34752575,11.356903
1997,DEU,.45654297,.28743541,8.4183375e-06,.0015669299,569372.69,483107.59,1967672.1,.47717774,.18548307,.19042139,14.746511
1997,DNK,.4152832,.31900218,.000025665091,-.0012516908,59901.039,50842.656,146919.63,.4992615,.26385352,.24582967,12.239608
1997,ESP,.46826172,.3406195,.00004449828,.00089316379,125440.92,135377.56,559745.94,.65465385,.21692185,.19757758,13.437447
1997,EST,.4135254,.51611733,8.4623771e-06,-.00037727653,3067.437,3766.4902,5537.228,.73340702,.39746806,.43772653,9.0600595
1997,FIN,.35976562,.3230285,.000017321907,-.00027190024,46493.844,35691.461,104445.66,.51106954,.24686785,.23646203,11.924634
1997,FRA,.51750487,.32841066,.00010850377,.00020012152,338361.97,287321.78,1295748.4,.51631498,.20931782,.17582765,14.306609
1997,GBR,.42055663,.28401506,3.2776809e-06,-.00012205372,362418.13,330836.78,1254296.5,.51857382,.18684517,.20463523,14.295907
1997,GRC,.59953612,.40509596,.000028333639,-.00016375174,11542.936,30845.725,147126.53,1,.22335535,.1944024,11.974579
1997,HUN,.49365234,.53924948,6.9382786e-06,.00078099186,20632.605,22427.26,46021.535,.79926634,.34815922,.33647212,11.107272
1997,IDN,.38710937,.27850327,.000029875162,.0010155312,64405.785,60132.031,277335.75,.70469445,.15443294,.17595764,12.74181
1997,IND,.4144043,.2120617,.000025032819,.00057692686,47568.328,49032.762,428621.09,.77402604,.10366568,.10296903,13.073571
1997,IRL,.29619139,.43825072,7.6011197e-06,.000043359014,58755.98,46212.121,63627.422,.57472032,.38529786,.37760121,11.714914
1997,ITA,.49169922,.33608851,.000067146029,.0025918088,273709.31,232698.2,1094974.8,.53743225,.17530875,.17001601,14.12936
1997,JPN,.45263672,.16093814,.000025191695,.0025733113,464289.44,364293.56,4142119.8,.49147421,.080094129,.079084061,15.342959
1997,KOR,.4152832,.39935282,.000016458578,-.00073348929,168162.03,157672.58,513109.47,.69738364,.27722588,.23143868,13.431716
1997,LTU,.46826172,.48102224,.000020480793,.0012125669,4464.8936,5563.6318,10525.902,.73784417,.34247309,.37113652,9.6151915
1997,LUX,.32915038,.54586565,5.5586947e-06,.000045019868,19442.801,16946.412,15056.614,.63277847,.51746124,.49120867,10.448698
1997,LVA,.37226564,.36817771,5.6610043e-06,-6.4180399e-06,2550.0381,2864.4656,6221.3804,.64055592,.26016206,.32656813,9.0792542
1997,MEX,.61984861,.44708514,.00011734373,-.0015472487,113398.04,108932.42,434114.06,.70492023,.28003365,.19895893,13.21314
1997,MLT,.57626951,.601749,.00003240462,.00006901344,2044.2731,2760.7222,4160.8936,.77861315,.45251879,.44490701,8.7331371
1997,NLD,.4284668,.42889214,6.0214570e-06,.00043990652,206768.16,174567.5,339191.06,.56804216,.32814538,.31974459,13.210299
1997,POL,.45263672,.33678874,.000021507207,.0006765314,36927.273,40806.637,152612.58,.62746507,.1866823,.21529318,12.152354
1997,PRT,.49462891,.43525347,.00001172563,-.00014385609,28310.242,37903.742,115372.04,.79963207,.27886507,.26380247,11.87536
1997,ROM,.36835939,.37299606,6.2568970e-06,.00039789683,9716.8027,11887.948,37148.004,.86376584,.25879654,.25366473,10.755022
1997,RUS,0,.06547524,8.4540483e-07,-.0065531069,87131.375,69744.813,381502.41,.36228603,.068562746,.14882584,13.057577
1997,RoW,.33940428,.29539701,.000040867842,-.00031741173,635985.06,1044709.9,3779140.5,1,.20945732,.23662065,15.300547
1997,SVK,.39414063,.49787733,5.8051382e-06,-.00036885217,11021.228,12608.458,22225.805,.74007565,.37171116,.3792356,10.411721
1997,SVN,.4293457,.43646508,.000032270502,-.0016811662,9365.7686,9752.3926,19635.971,.63723832,.33815131,.33626923,10.275111
1997,SWE,.39492187,.33872297,.000010261138,.00014097986,101699.77,78082.055,215802.52,.51366854,.26296899,.24592596,12.668241
1997,TUR,.47802734,.29552451,.000013224549,.0011077945,44182.52,52401.379,266665.31,.76101178,.17321652,.16857566,12.647058
1997,TWN,.37148437,.39959335,.000016288353,.00081279321,141549.78,126404.93,285142.09,.61420292,.32979837,.29624406,12.963818
1997,USA,.48095703,.19176142,.000017871691,-.0013907608,902571.38,969989.94,8439902,.58538914,.095638357,.10382582,16.050081
1998,AUS,.28564453,.18572854,5.6473655e-06,.001713131,71546.422,74824.578,370147.34,.59173739,.12613709,.16940375,12.998372
1998,AUT,.46044922,.36885753,4.9998444e-06,.00031882434,77143.125,76640.273,200346.42,.58462226,.26477298,.27619156,12.533539
1998,BEL,.40209961,.46810466,.000015983487,.00071600551,162774.11,144436.83,226313.45,.58673674,.38923725,.37121934,12.87156
1998,BGR,.46044922,.4683862,.000030216235,.00092836784,5779.9995,5314.2168,11781.535,.67240208,.32008204,.30260548,9.7734661
1998,BRA,.53308105,.22581752,9.7379079e-06,-.0024782023,58540.883,70462.461,811565.13,.71900052,.086886488,.080981471,13.676371
1998,CAN,.41176757,.33821547,.000010081548,-.00065349892,244423.69,218842.69,570410.06,.52424496,.27372262,.26857343,13.61074
1998,CHN,.27158204,.20148404,1.8732198e-06,.00215573,207431.42,152027.78,971775.13,.51960588,.12728886,.12892379,13.980352
1998,CYP,.60969239,.44743001,.00002647881,-.0011731896,2095.2241,4033.8838,11033.02,.99454337,.28315863,.30726758,9.4825211
1998,CZE,.35507813,.44904178,3.7251873e-06,-.00043165372,30641.168,31512.811,61100.008,.6859864,.32292852,.34349692,11.426726
1998,DEU,.45361328,.29265648,7.0088026e-06,-.0013108969,600858.5,510269.03,1986871.1,.47362283,.1894971,.19718793,14.766292
1998,DNK,.4284668,.32969698,.00002664,.00029630322,59002.918,52477.117,151669.22,.51780212,.2699489,.24909377,12.258059
1998,ESP,.47802734,.35403728,.000048481328,.0012295245,132596.05,150396.28,592499.13,.66509241,.22443779,.20741592,13.494059
1998,EST,.39257813,.5074842,7.0843548e-06,-.00047963206,3484.3118,4203.4507,6250.2275,.73735493,.39855778,.43180788,9.1834354
1998,FIN,.34760743,.30162138,.000012344664,-.00064009137,48939.293,36485.121,109403.46,.48291355,.23200862,.23041864,11.972517
1998,FRA,.52019042,.33345908,.0001092387,-.00036896276,356010.31,308308.41,1343418,.51589948,.21576843,.1814189,14.345802
1998,GBR,.42231447,.27381101,5.2460177e-06,-.0034558508,360645.84,345103.03,1368523,.52324361,.17481823,.19957741,14.363152
1998,GRC,.58623046,.38589287,.000044469169,-.0011015772,11700.452,32574.074,149687.06,1,.22263718,.20183763,11.991564
1998,HUN,.53308105,.59410965,7.2892008e-06,-.000081094389,24583.807,27128.314,48309.563,.81360364,.40023744,.37216437,11.196753
1998,IDN,.25341797,.2577714,.000022970204,-.00066809548,49432.227,36952.926,100351.33,.53114229,.21180969,.24670883,11.916946
1998,IND,.42055663,.22151713,.000027553331,-.00078433222,49617.254,52971.809,435023.47,.80018604,.11335059,.10930119,13.091163
1998,IRL,.28154296,.44420916,8.8012630e-06,-.00063405838,67689.961,55125.438,70640.969,.59373033,.39373645,.39850405,11.837404
1998,ITA,.48876953,.33966017,.000072928684,-.0011899989,279199.72,245836.95,1121118.1,.54296207,.17711586,.17555797,14.15221
1998,JPN,.44956055,.14437978,.000022154723,.00023112027,422241.16,305787.91,3742991,.43775007,.074745506,.07341437,15.242283
1998,KOR,.33940428,.35207024,.000012114221,-.00058079307,154804.5,106221.76,306462.69,.54735333,.28012529,.23028249,13.041733
1998,LTU,.49853516,.48268029,.000015806187,-.00084882544,4172.6782,5658.8638,11910.408,.7959851,.33128098,.35185185,9.685523
1998,LUX,.34008789,.57238489,4.5980205e-06,.00062129542,21319.361,18844.846,15846.179,.65391165,.54096764,.50705159,10.523137
1998,LVA,.38710937,.39234042,.000024328194,.0016713955,2815.4558,3445.5894,6987.9175,.67356235,.28618774,.35146976,9.1904821
1998,MEX,.62238771,.45789465,.00009144831,-.0010622793,121689.77,124555.82,466347.81,.71768218,.2941063,.21181609,13.284546
1998,MLT,.56630862,.60681707,.000038996361,-.00010564389,2297.1777,2924.4392,4318.2754,.76932782,.46794054,.44206181,8.797164
1998,NLD,.4293457,.4238629,6.8903228e-06,-.00016874047,207986.08,178706.42,356685.81,.56703961,.32099143,.31647834,13.244
1998,POL,.46240234,.37138864,6.0030125e-06,.0010539626,44720.551,50367.117,169413.73,.64608663,.21088248,.23521276,12.274359
1998,PRT,.49924317,.43704829,.000010107948,.0011496777,29811.219,41710.367,123401.34,.79785645,.2832408,.27223858,11.939582
1998,ROM,.38398439,.34688213,7.5197086e-06,.00009344006,9329.5967,12425.021,42986.27,.90106118,.2357143,.23750004,10.865055
1998,RUS,.055859376,.094782874,8.2565236e-07,.00050541048,91285.063,63704.539,289317.25,.3375994,.088038288,.16737822,12.84951
1998,RoW,.40122071,.33257756,.000063772961,-.00060773978,643545.38,1012170.9,3589887,1,.22186157,.23908989,15.258524
1998,SVK,.39882812,.50887412,6.2238382e-06,-.00070742588,12467.781,14211.735,23430.395,.71792829,.39079708,.39589018,10.488441
1998,SVN,.43461913,.44065824,.000030506273,-.00029400949,10013.91,10389.182,20586.455,.63185477,.34576416,.33951169,10.328767
1998,SWE,.40209961,.35403702,.000010052735,.0010059192,104969.38,83083.102,218553.16,.52779979,.27262053,.25680777,12.687024
1998,TUR,.48095703,.27496853,6.5918275e-06,-.0014739773,45068.074,49810.633,270332.88,.67800027,.16777138,.15792798,12.6616
1998,TWN,.37382811,.40014029,.000019623049,-.0012966666,129585.44,118725.57,265147.16,.6194213,.32969272,.30077469,12.885963
1998,USA,.47607422,.18071194,.000016236618,.0039801784,864155.94,987743.88,8948874,.60086542,.089797482,.10065636,16.099222
1999,AUS,.30659181,.20009199,8.1668641e-06,-.0026529592,82657.727,85369.617,401642.25,.57435322,.1303819,.17627425,13.09046
1999,AUT,.44970703,.36550847,3.3925148e-06,-.00023661922,78761.547,77362.039,197857.03,.57353479,.26351285,.27967045,12.530395
1999,BEL,.40209961,.46801686,.000016618375,.00045727115,160458.56,141951.66,224291.73,.5856902,.38688037,.36894488,12.86035
1999,BGR,.47607422,.52575272,.000022987722,.00082729,6949.7559,7204.3638,12531.33,.73600137,.37458652,.36981326,9.8771992
1999,BRA,.53952634,.27025256,.000010474517,-.0016669645,55558.945,60009.887,560464.56,.69850808,.11032805,.097414933,13.33104
1999,CAN,.39492187,.33329245,9.3391009e-06,.0010830869,276309.72,238488.83,601260.25,.50710702,.27346528,.27176046,13.684912
1999,CHN,.28798828,.23010434,2.7510121e-06,.00030873917,218500.95,177255.91,1050601,.58872241,.14417543,.13967034,14.05382
1999,CYP,.58212888,.42589131,.00002885609,.00046788287,2162.2451,4092.2122,11229.645,.97505915,.28309643,.30557391,9.5024042
1999,CZE,.35039061,.44738397,5.1326087e-06,-.0016872549,30919.514,31669.803,59247.758,.67334563,.33197281,.3512339,11.409422
1999,DEU,.45654297,.30606839,7.8414578e-06,.0025805908,600302.88,520999.81,1952754.1,.49008176,.19830991,.204069,14.752802
1999,DNK,.40825194,.31439734,.000021085747,-.000052984029,63789.141,52539.43,148084.75,.47205296,.26716575,.24797501,12.263746
1999,ESP,.46826172,.35866565,.00007308252,.0013565472,134697.56,164268.97,617804.94,.69913179,.23449893,.2182969,13.531159
1999,EST,.40122071,.49689242,8.4047742e-06,-.00018448087,3304.5654,3740.8933,6012.8359,.72532481,.39571413,.40149534,9.1396389
1999,FIN,.33872071,.29778495,.000012328484,.00097568001,49564.395,36014.113,108589.29,.48302701,.23246929,.22771592,11.971322
1999,FRA,.51857913,.33616889,.00012276857,.00015266506,351545.16,312844.66,1337767.5,.52410573,.21290134,.1851905,14.339832
1999,GBR,.42143553,.26973459,4.4808417e-06,.000067520625,365501,356517.81,1412873.4,.52990627,.17307639,.20047399,14.391211
1999,GRC,.54973143,.36472565,.000029064002,.00027153961,16897.086,37335.688,152477.88,1,.24677758,.22043215,12.03987
1999,HUN,.5363037,.61053306,7.8353278e-06,-.00027857293,26340.254,29157.662,48855.965,.80311674,.42562217,.38775435,11.227857
1999,IDN,.27626953,.21386838,.000017402837,.000086163396,51848.52,37259.637,152232.31,.52749503,.16328651,.18257293,12.226272
1999,IND,.46240234,.26631385,.000046191242,.00042953968,55007.254,59759.285,465227.38,.85900873,.12875129,.11486987,13.162035
1999,IRL,.26044923,.44966638,5.6497661e-06,-.00079634314,79579.023,63494.402,75612.352,.59399492,.40805599,.40913615,11.952415
1999,ITA,.48388672,.33812043,.000074789801,.00081026659,267446.13,248998.5,1117033.4,.5571748,.17715217,.17984989,14.140835
1999,JPN,.45458984,.14115034,.000026125414,.00102523,449039.97,332977.69,4248719,.43840399,.072730914,.070880115,15.362597
1999,KOR,.39023438,.38511467,.000015113144,.00166091,166448.66,130177.74,410783.19,.60771513,.27357665,.22552072,13.265999
1999,LTU,.51159668,.4589214,.00001603326,-.00088217959,3530.4419,4855.9106,11461.566,.79331219,.30964908,.32389995,9.6152725
1999,LUX,.31069335,.5740869,5.2676437e-06,-.00028487816,24659.52,21572.068,16901.143,.65353119,.54755801,.51905018,10.63491
1999,LVA,.36914063,.34069788,.000018274788,-.0017459377,2697.958,3166.022,7396.1558,.62876701,.25184712,.31365031,9.2197075
1999,MEX,.61984861,.45348841,.000089108864,-.001872415,140102.45,140646.91,527088.06,.70956963,.30219278,.21080472,13.41083
1999,MLT,.57685548,.62042385,.00002111729,-.00085978414,2486.6763,3136.0852,4396.6826,.76537591,.48098275,.4556039,8.8368616
1999,NLD,.42231447,.42061749,7.1109812e-06,-.0012918224,212322.09,184993.3,365732.53,.56927049,.32390484,.32002735,13.267424
1999,POL,.49267578,.39997396,7.9192914e-06,-.0032200604,40164.016,47847.688,166385.56,.67950666,.21155441,.23165232,12.238296
1999,PRT,.49951172,.4260208,.000011754461,.00068371021,29866.783,43418.066,127450.51,.79466349,.27953023,.27599043,11.96602
1999,ROM,.31069335,.30727521,5.3342555e-06,-.000037311351,9671.4961,11308.976,36470.301,.78208137,.2353317,.2450918,10.739474
1999,RUS,0,.098413445,2.0848586e-06,-.0067193923,73610.602,40972.586,151148.77,.30678663,.10404624,.18229534,12.322785
1999,RoW,.37148437,.31885338,.000062430445,.0002982491,824736.13,1054353.1,3486683.8,.88107538,.23540755,.24454893,15.276778
1999,SVK,.38476563,.48860955,9.6991780e-06,-.0016905011,11639.414,12105.049,20114.07,.66295946,.37987608,.38121954,10.365758
1999,SVN,.43637696,.43109989,.000035587847,-.00062475348,9573.6982,10471.028,21511.938,.64427376,.33975151,.33684459,10.344501
1999,SWE,.42231447,.37117985,.000016531478,-.0020741054,107075.32,85453.43,222384.7,.54058665,.27944162,.2593742,12.705211
1999,TUR,.51804197,.32553333,5.4766201e-06,-.00044333856,40944.055,45700.191,257564.53,.71509069,.17253356,.15309507,12.606554
1999,TWN,.37773436,.39506167,.000023668386,.0010518001,140576.38,125228.89,282906.5,.59075725,.32559747,.29571182,12.956268
1999,USA,.49267578,.19751117,.000026224154,-.0052272514,889289.06,1111816.8,9609266,.64993387,.094527222,.10590188,16.166748
2000,AUS,.29560548,.1960855,7.9879364e-06,-.00068459805,90273.75,83571.797,376251.41,.51437539,.13289891,.17913674,13.053067
2000,AUT,.43637696,.37999296,2.7992999e-06,-.0008179408,78442.82,75856.156,178951.73,.58354133,.28187406,.29470769,12.458365
2000,BEL,.39101562,.49075213,.000018050097,-.00029278672,161850.19,147219.95,208391.42,.61304581,.41522688,.39763212,12.821911
2000,BGR,.44252929,.50524056,.000022990109,.00018779798,6339.8667,6601.3638,12258.746,.73395383,.3652603,.35493851,9.830842
2000,BRA,.51965332,.28478235,9.6319327e-06,.002381013,64412.277,71432.039,612024.94,.75723994,.12026305,.10560039,13.424595
2000,CAN,.38007814,.3304393,.000010388079,-.0010100493,319788.34,263380.94,646112.5,.49531084,.27000874,.27267906,13.780816
2000,CHN,.29091796,.26525137,2.8901875e-06,-.0027266822,279547,234740.13,1164834.3,.62916052,.17236078,.1625195,14.183191
2000,CYP,.64016116,.49120125,.00004058125,-.00040825433,2173.2644,4242.1309,10854.759,1,.32304472,.32561585,9.4748583
2000,CZE,.37382811,.50873792,4.1335807e-06,-.000058442663,33723.871,35362.211,57043.332,.72747326,.38354602,.38959238,11.416054
2000,DEU,.43725586,.32837087,6.4071178e-06,.0010281859,614536.88,548615.69,1741002.5,.50900668,.22195864,.23290448,14.67228
2000,DNK,.40561524,.35203317,.000014484493,.00037543182,68026.875,56304.5,135982.06,.51421458,.29985741,.27599037,12.225919
2000,ESP,.49951172,.4228791,.000062634805,.00052315136,140903.5,175674.7,589500.31,.77716386,.27220577,.24051723,13.501353
2000,EST,.37226564,.50348181,8.8552706e-06,-.00065726839,3801.3362,4096.4849,6077.4233,.72337073,.4126589,.41467604,9.1981421
2000,FIN,.36523438,.35789976,.000010946038,.00038929924,51607.938,38668.469,102241.57,.54086787,.27519682,.25133955,11.94373
2000,FRA,.51804197,.37444881,.0001295971,-.000018764986,349817.31,329007.38,1240773.3,.57838452,.24417299,.20684604,14.279616
2000,GBR,.4284668,.28769249,5.4036464e-06,.00062856567,378672.44,372960.94,1399652.8,.55177897,.18923578,.20972595,14.391183
2000,GRC,.56455076,.43521118,.000038387167,.00030858751,18109.465,40427.125,141715.42,1,.30526856,.25294638,11.981834
2000,HUN,.56806642,.6648339,4.6303926e-06,.00040048556,30283.072,33386.656,47882.242,.84346443,.47998518,.42712879,11.266582
2000,IDN,.23486328,.23442551,.000021132393,-.00075958413,65346.246,47322.125,158245.8,.56522566,.19041349,.21164495,12.317578
2000,IND,.48193359,.29987282,.000041145468,.00016883998,67708.289,66742.156,475482.25,.79536146,.14638472,.12287062,13.205215
2000,IRL,.26806641,.49022415,7.0649799e-06,.00015383874,88633.641,72614.742,76654.477,.62724733,.44789392,.4393222,12.015446
2000,ITA,.48876953,.38163567,.000068271162,-.0012618445,271816.63,265066.13,1036346.8,.61418962,.20813502,.20262462,14.084135
2000,JPN,.46923828,.16667366,.000036160658,-.0028909727,512774.72,393855.25,4532695.5,.47208878,.084310472,.078061156,15.434001
2000,KOR,.39882812,.41859823,.000018646746,-.0012630731,199217.28,173153.47,486197.59,.66044587,.29700196,.25262579,13.437779
2000,LTU,.49951172,.47938603,.000025465473,.00011629386,4403.0132,5338.125,11542.881,.76599342,.33943552,.33476487,9.6769562
2000,LUX,.3182129,.6140905,3.9934512e-06,.00050594576,26095.381,22860.846,15899.335,.68712211,.58335227,.54437435,10.645299
2000,LVA,.36914063,.35336795,.000025366167,-.00019738045,3038.6538,3394.6379,7853.0996,.62928098,.25839493,.31167048,9.2957611
2000,MEX,.61984861,.45509505,.000091352827,-.0014615345,170880.42,173118.36,632925.81,.71422511,.30394062,.21537325,13.597114
2000,MLT,.58037108,.66979533,.00004063431,-.00061578659,2854.0371,3538.1357,4399.7007,.80904162,.52527893,.48776725,8.8892717
2000,NLD,.42231447,.43993333,5.4399261e-06,-.0013325117,214498.08,183369.48,339053.5,.58087015,.34462941,.33125997,13.224111
2000,POL,.51589358,.45714587,.000020891421,-.0017925412,46634.023,55163.602,171262.63,.76839334,.26264536,.25316405,12.291776
2000,PRT,.51535642,.46081156,6.9925791e-06,.00069574796,29622.074,43173.789,119737.01,.82751662,.30011562,.28906035,11.914108
2000,ROM,.32709962,.33931938,6.0059242e-06,-.0008719358,11602.477,13620.558,38002.309,.79723871,.26706541,.27458152,10.811843
2000,RUS,.055859376,.1082742,1.3690599e-06,.00024622484,98756.914,50383.551,193819.22,.27831662,.10129363,.17220664,12.58648
2000,RoW,.34145507,.30947784,.00006833503,.00023277442,1081819.6,1180522,3497115.3,.76773,.25017437,.25781587,15.336977
2000,SVK,.38320312,.53304458,.000023529297,-.00017518434,13620.688,13679.576,19898.357,.69117934,.42632043,.40811354,10.419869
2000,SVN,.43989259,.46262938,.000034431607,-.0014774037,9813.2236,10541.533,19485.721,.65238386,.36885589,.35979226,10.285307
2000,SWE,.42495117,.39408565,8.4448866e-06,.00024459467,110832.79,89747.977,213566.17,.54935378,.2982609,.27665925,12.68973
2000,TUR,.55283201,.40556905,6.3057300e-06,.0016985082,42466.727,59045.727,285000.28,.89528757,.1987813,.18031046,12.699142
2000,TWN,.37226564,.42230973,.000026898173,-.00086633564,171728.88,155143.66,305064.81,.59559619,.35971257,.3253895,13.07484
2000,USA,.49870604,.22082667,.000030908755,-.00071081618,982508.63,1316038.5,10324960,.70942265,.10621111,.11638666,16.240974
2001,AUS,.30659181,.19164038,9.0983494e-06,-.0023050834,80344.703,75165.031,357850.44,.51031113,.12733862,.17153324,12.990419
2001,AUT,.43110353,.38808957,3.9800534e-06,-.00020271163,82279.57,78919.836,178047.34,.57690489,.2902396,.30315664,12.469693
2001,BEL,.38320312,.48585728,.000011794055,-.00052119634,162421.3,146747.69,207806.97,.61090815,.41153559,.39637083,12.821875
2001,BGR,.45751953,.50742626,.000021282929,-.00034333681,6298.9702,7146.0151,13754.049,.75144595,.35317495,.35635608,9.9061346
2001,BRA,.52609861,.31000486,.000010814235,.00098821369,67952.391,71207.594,524948.75,.70720094,.1351741,.12010028,13.292783
2001,CAN,.36523438,.31366348,8.2862898e-06,.00071212748,305527.03,251390.98,639453.25,.48673248,.26215386,.26602775,13.75892
2001,CHN,.28974611,.25468373,2.9846037e-06,-.0000978631,299418.63,254919.05,1291500.6,.61459923,.16454665,.16023381,14.279822
2001,CYP,.58798826,.45175067,.00003672922,.00066961354,2290.7747,4402.2007,11168.909,.97982717,.31301674,.32706568,9.5074539
2001,CZE,.36367187,.51354182,4.6900609e-06,.0010037407,37945.066,39436.941,61739.484,.73183376,.39901006,.3956174,11.509766
2001,DEU,.42319337,.31838363,7.2181092e-06,.00070574268,636044.31,543158.25,1702421,.48870137,.2207979,.23227124,14.665006
2001,DNK,.40737304,.36360195,.000015271698,.00064676953,68753.719,56392.82,135520.89,.52791804,.31191167,.27606377,12.227221
2001,ESP,.48095703,.39680129,.000072970019,-.0022955232,144886.61,177717.69,614327.31,.74408597,.25593638,.23408118,13.540039
2001,EST,.29619139,.39721358,.000032969769,.0003611125,4159.1689,4409.5317,7253.0664,.67901796,.33441043,.38638633,9.3424416
2001,FIN,.35273439,.32639381,.000014234137,.00063975062,50362.371,37248.949,104350.81,.5085848,.25240719,.24076131,11.949328
2001,FRA,.51052248,.36448076,.00013511963,-.00019807006,348540,326535.28,1249702.4,.56457824,.23897634,.20430899,14.284415
2001,GBR,.42583007,.27760997,7.7948416e-06,-.0009961488,368615.59,369101.97,1396650.3,.5387004,.18390022,.20909144,14.383812
2001,GRC,.56689453,.44605628,.000035219429,.00019877219,19156.715,42303.492,144930.11,1,.32473588,.25781164,12.008151
2001,HUN,.52824706,.62153196,4.4769299e-06,.00016894795,33065.227,35449.813,52760.473,.80864906,.4611975,.41304427,11.360074
2001,IDN,.29560548,.27156213,.000026824917,-.00014559156,64404.523,48730.332,155746.05,.58486199,.20484693,.22135001,12.302067
2001,IND,.48876953,.29649511,.000039007817,-.00035409103,66875.422,65686.086,490299.22,.78087157,.14244452,.11789138,13.230634
2001,IRL,.26279297,.48926339,7.8492558e-06,-.00019983118,96846.797,77624.117,80829.906,.62699306,.45206195,.43688405,12.087721
2001,ITA,.47607422,.36550495,.000066186163,.0026797839,278622.94,266618.69,1050612,.59589458,.20298387,.20058055,14.100114
2001,JPN,.48095703,.18193547,.000039925522,-.00087469805,433152.06,364150.91,3991520.3,.51161951,.092174731,.082300082,15.302707
2001,KOR,.40473634,.41168541,.000018330986,-.0011217153,174125.47,153240.27,461091.75,.6683026,.29069909,.24124072,13.361722
2001,LTU,.51481932,.50085592,.000013976959,-.00019186579,5178.1348,6119.8311,12226.031,.73771566,.35210657,.35163024,9.7644653
2001,LUX,.32983398,.6192134,5.8175724e-06,-.000038328675,25487.498,22774.639,16441.068,.69402236,.59032726,.54317713,10.643723
2001,LVA,.34965819,.35005996,.00002232901,.00077175122,3223.6382,3832.0667,8576.6113,.66138172,.25833869,.32474455,9.3758764
2001,MEX,.62492675,.44102365,.000081812468,-.0011929625,162550.58,167753.03,675113.13,.70854038,.30290911,.20026298,13.638372
2001,MLT,.49462891,.56643111,.000029860637,-.00001066494,2432.6602,2954.3894,4103.6743,.72379965,.46704194,.45199484,8.7851315
2001,NLD,.4135254,.42605549,3.0309088e-06,-.0012836666,210812.11,178768.27,350403.09,.58221865,.32916281,.31853783,13.23786
2001,POL,.47998047,.41131052,.000014021755,.00028007332,51317.555,55959.023,185994.34,.70363212,.25418469,.23580369,12.377131
2001,PRT,.51535642,.44999495,.000012749365,.0009292402,29274.902,42744.25,122427.7,.82472521,.29491282,.28176346,11.929677
2001,ROM,.37460938,.38265425,5.3139684e-06,.00063032022,12503.776,15604.343,41954.289,.85256118,.28408951,.28653869,10.905187
2001,RUS,.075390622,.10778376,1.7638607e-06,-.00089536572,96552.648,59432.238,250229.09,.324283,.097648956,.17138226,12.756451
2001,RoW,.34008789,.31005347,.000058231832,.00098811672,1089314.5,1176110.3,3462615.8,.75278109,.24725829,.25837615,15.331062
2001,SVK,.45556641,.59673005,.00001415591,-9.4558982e-06,14490.771,15893.354,21818.553,.74394286,.45732772,.43772098,10.49983
2001,SVN,.4275879,.45140532,.000025894004,-.0012233891,10317.847,10558.609,19437.76,.6322155,.37024957,.35484436,10.300773
2001,SWE,.42143553,.39548361,7.7331515e-06,.0020197246,100696.19,81785.023,195954.91,.55923164,.29791707,.27569434,12.600312
2001,TUR,.50783694,.38635036,7.1825743e-06,.0016156884,42518.734,44933.313,205957.34,.75006384,.21796083,.18083556,12.423101
2001,TWN,.37539062,.40083212,.000028947188,-.00092841196,145951.67,123737.88,269485.34,.57382041,.34229338,.29784992,12.937086
2001,USA,.50676268,.2051958,.000031364245,.00085116166,924669.56,1252718,10646679,.69907963,.098389328,.10826033,16.264042
2002,AUS,.3052246,.18999976,6.8411036e-06,-.00021496287,82430.875,85725.695,407371.91,.55227089,.12720168,.17502084,13.101758
2002,AUT,.41791993,.371966,4.8900156e-06,.0006743198,90534.797,82047.734,188727.61,.55233759,.28300226,.29380158,12.539907
2002,BEL,.37539062,.46351871,.000013387558,-.000390651,170547.55,148688.66,221265.38,.58949661,.39314321,.37948892,12.87854
2002,BGR,.46044922,.50435394,.000012127845,.0017518483,7064.939,7993.2246,15463.854,.74764627,.33841392,.35480037,10.02255
2002,BRA,.49658203,.27801546,9.0815201e-06,-.00088253658,73652.594,62298.828,479588.06,.60264045,.12977318,.11260711,13.223548
2002,CAN,.37617189,.31191787,8.8641000e-06,.00068739289,293340.34,248272.02,664046.69,.49525943,.25261423,.25932252,13.771963
2002,CHN,.28564453,.26645485,3.5713369e-06,.0040534213,365404.5,308463.59,1410276.4,.61012024,.17794712,.17371567,14.389694
2002,CYP,.58505857,.44662672,.000041340729,-.000028656545,2303.2957,4735.1035,12254.667,1,.29458922,.32525867,9.5858936
2002,CZE,.38007814,.50380343,4.6415485e-06,-.00046647925,43184,44180.766,74490.594,.71843314,.39309698,.37544864,11.675678
2002,DEU,.40825194,.29134607,6.9863049e-06,-.00056487496,695201.38,547031.88,1773984.1,.44511423,.20845489,.22154345,14.719398
2002,DNK,.38710937,.34363112,.000017462598,.0002938805,72415.789,60285.703,148223.22,.51538545,.29381609,.27323231,12.304283
2002,ESP,.46240234,.3752687,.000063693689,.0012308385,158476.86,190692.88,690202.19,.72833812,.24463637,.22469375,13.651437
2002,EST,.43198243,.54285705,9.7554512e-06,.000086280786,4530.1577,5149.8335,7748.9702,.74587739,.43167901,.41939732,9.4156561
2002,FIN,.35976562,.32769892,.0000115722,-.00019345258,53089.832,39039.121,113693.86,.51908398,.24949415,.23407038,12.024453
2002,FRA,.51213378,.35215166,.0001358827,.00024872439,366869.09,338917.47,1361082.6,.55075985,.23104064,.19613828,14.362448
2002,GBR,.42055663,.26075467,6.6661764e-06,-.00087749993,386747.81,391838.94,1543668.6,.52908713,.17444313,.20298156,14.473247
2002,GRC,.56162107,.41954497,.000038422619,-.00087484688,19530.932,46533.922,165801.44,1,.30064204,.25108361,12.129906
2002,HUN,.51374513,.58431411,4.9280457e-06,-.00015430361,37475.645,39852.59,65404.648,.7830438,.4380708,.38736856,11.541322
2002,IDN,.33051759,.2617262,.0000283593,.00043594663,65533.691,50158.938,191703.73,.58269107,.18233447,.19499083,12.457755
2002,IND,.46728516,.28907567,.000031045598,-.00033808473,77841.125,74883.586,513912.97,.76137942,.1475627,.1265451,13.290847
2002,IRL,.26220703,.45535028,.000010409819,.00017954942,104885.77,80475.664,91887.406,.59580827,.41701218,.40897679,12.189807
2002,ITA,.47314453,.35079321,.000071061455,-.000047605117,289676.97,280372.84,1153495.1,.58316225,.19419272,.19427541,14.182354
2002,JPN,.46826172,.16862801,.000028539225,.0015036653,446074.53,353103.88,3806120,.4757219,.091518059,.083040386,15.262946
2002,KOR,.40913087,.4007206,.000019768586,.00054249889,186166.48,164700.97,530536,.65830857,.28106448,.22980382,13.482416
2002,LTU,.49755859,.48700601,.000014305357,.00050722831,5887.6299,7063.1143,14340.995,.75322276,.33925527,.34916434,9.914854
2002,LUX,.32163087,.6015982,8.6484670e-06,-.00029934212,27500.244,24223.121,18267.213,.68044788,.57713062,.52926517,10.731329
2002,LVA,.34897462,.34778583,.000021713196,-.00012846796,3536.3018,4288.2505,9673.8916,.67537546,.25676042,.32461679,9.4887438
2002,MEX,.63190919,.43444362,.000078784826,.0017068981,165015.34,168269.5,706166.75,.69677943,.29963222,.19315077,13.677607
2002,MLT,.47021484,.53590143,.000017880369,.00031734505,2722.8252,3079.7151,4315.8159,.68731374,.44393799,.43754399,8.85917
2002,NLD,.40737304,.40332696,4.5415659e-06,.0016514566,222189.92,184656.77,382162.03,.55900568,.3140254,.30554509,13.311912
2002,POL,.47998047,.41561902,8.6214359e-06,.0012726781,55901.691,60262.953,192221.64,.68883896,.26418498,.24287499,12.421681
2002,PRT,.51965332,.43915439,.00001420584,.0013581921,31937.375,44343.797,132773.16,.79791051,.28683227,.26922259,12.011945
2002,ROM,.37226564,.3757664,4.3888772e-06,-.000814731,14965.509,17610.564,46552.699,.78574318,.28413114,.28626588,11.027088
2002,RUS,.088671878,.10026643,9.3881010e-07,.000058162826,104700.01,70062.758,291455.59,.30374402,.089516573,.17685667,12.889563
2002,RoW,.34008789,.32403862,.000050024384,.00059235684,1102602.1,1252451.9,3502244.3,.79123837,.26271844,.27198559,15.34262
2002,SVK,.46728516,.59530705,5.9572799e-06,-.0011501766,16402.096,17703.814,25054.607,.73868352,.45389092,.42704347,10.632405
2002,SVN,.41791993,.43739733,.000022526221,.00044996609,11657.121,11480.333,21538.666,.61722022,.36345705,.34583706,10.410178
2002,SWE,.4161621,.37794447,5.2281466e-06,.0014288938,106311.68,85720.063,216455.75,.54543227,.28540143,.26557842,12.684688
2002,TUR,.53791505,.42671669,7.6601955e-06,.00074511196,42479.102,49556.918,228742.36,.8225947,.23257753,.18271755,12.510691
2002,TWN,.36992186,.4089081,.000029865578,.00032276678,156577.84,128581.84,269523.44,.57463241,.34897313,.30176356,12.962432
2002,USA,.51159668,.19908766,.000032381799,-.0007264805,903145.94,1281712.5,11052890,.71406072,.09442009,.10720213,16.296747
2003,AUS,.33666992,.19435319,.000011342619,-.0010525276,95572.914,103238.45,527567.94,.56312782,.12199434,.16567433,13.342527
2003,AUT,.43461913,.39033934,4.2512283e-06,-.00048343634,109342.6,101992,233888.75,.57412267,.28916338,.29715234,12.74616
2003,BEL,.38710937,.45936865,.000014863252,.0012248023,200681.06,175032.75,273165.84,.58735871,.38554385,.3693867,13.06864
2003,BGR,.44868165,.51124513,.000011517213,-.00066772813,9391.0732,10928.737,20117.133,.76258707,.35558349,.37036264,10.292423
2003,BRA,.48095703,.26709127,8.0138134e-06,-.0024689396,83307.25,63637.211,504215.47,.55094469,.12380692,.10831447,13.28367
2003,CAN,.37539062,.29886097,9.2464597e-06,-.0011809997,324753.19,277697.28,792259.75,.49601084,.23843531,.24860704,13.926168
2003,CHN,.27685547,.29890555,3.7393611e-06,-.0037217319,485016.16,422020.16,1596653.9,.64047563,.21144222,.20273153,14.548681
2003,CYP,.58623046,.44584024,.000032100816,-.00097739499,2752.5195,5495.7124,15053.914,1,.29421258,.30863634,9.7873154
2003,CZE,.36757812,.50214642,5.5685223e-06,-.00038240099,53603.645,54904.773,90436.656,.71852803,.40184742,.38117647,11.877849
2003,DEU,.4152832,.29937339,7.2316989e-06,-.003534663,839065.94,670656,2155284.3,.45528248,.21292353,.22397381,14.912238
2003,DNK,.40122071,.34002119,.000016545955,-.00079004944,85723.891,69948.602,180368.3,.51077574,.28860325,.26287356,12.491598
2003,ESP,.46533203,.37114248,.000067243098,-.0021542532,195988.31,238769.47,886542.63,.72461057,.24333003,.22056596,13.894813
2003,EST,.32163087,.43045419,6.2570584e-06,-.00044296778,5829.6284,6606.2749,10850.779,.70387948,.36278248,.39604998,9.7219906
2003,FIN,.35351563,.31831852,.000011058078,-.00049712596,61683.82,48458.449,140780.47,.51706451,.2470243,.2393432,12.218319
2003,FRA,.51589358,.34701392,.00013594852,-.00048103253,427267.38,402447.84,1685735.8,.55818754,.22614862,.1904625,14.563621
2003,GBR,.42319337,.25828344,9.0869453e-06,.0012670471,443246.59,441883.06,1775141.8,.5278126,.17423081,.19919103,14.612291
2003,GRC,.51911622,.36372021,.000029204877,-.00072467484,26264.076,57366.289,214448.78,1,.26253128,.23831834,12.39136
2003,HUN,.50246584,.57963824,6.3006496e-06,.00073318341,46029.438,50094.719,82392.305,.78496349,.4393771,.39007974,11.763075
2003,IDN,.31206053,.2339268,.000027830683,-.000031197786,73677.023,52966.543,224184.97,.5496695,.1679361,.17782243,12.604385
2003,IND,.45263672,.27508453,.000022140295,.0027213264,88181.711,86656.922,600627.56,.75223869,.14437452,.12580684,13.442719
2003,IRL,.27158204,.44858941,7.9270239e-06,.00063323509,125481.45,96366.195,120381.7,.59439045,.40639693,.39195055,12.41253
2003,ITA,.48388672,.35592616,.000078578189,.0010254582,341425.31,334460.22,1429106.5,.60081518,.19533232,.18890382,14.38679
2003,JPN,.46142578,.17061189,.000025400448,-.0022108974,508743.94,393676.22,4098694.5,.46878764,.091977037,.085443623,15.343183
2003,KOR,.40209961,.40285134,.000017777807,.00009390316,223611.75,193962.75,589295.69,.65100384,.29785517,.23860374,13.608373
2003,LTU,.50085449,.48736125,.00001696965,-.00025873087,7706.1147,9191.9561,18832.76,.75266463,.3371726,.34635818,10.186366
2003,LUX,.31069335,.58003956,5.9133172e-06,-.00042283029,33911.645,28878.828,22602.775,.66991639,.55296701,.51099926,10.942251
2003,LVA,.36289063,.37834638,.000032631302,-.0002392364,4269.9609,5449.8857,11841.751,.72970212,.28054014,.33825615,9.6873016
2003,MEX,.62746584,.43575767,.00007892205,-.0017301699,168192.92,170040.23,688485,.69660544,.30388653,.19848794,13.660817
2003,MLT,.46728516,.53169918,.000020112635,-.00099175726,3059.0459,3638.929,5250.7808,.69563532,.43712011,.43790671,9.0251942
2003,NLD,.4152832,.40381911,5.5395458e-06,-.0020809525,266519.69,222165.97,470138.63,.56283885,.31247142,.30158618,13.509879
2003,POL,.47119141,.42878246,7.8101230e-06,-.00023155654,71127.055,73868.523,208859.7,.67187053,.28699738,.26382864,12.542498
2003,PRT,.52126467,.433507,.000011516586,-.000030570503,39403.391,52010.688,160004.92,.76640099,.28832647,.26082507,12.20311
2003,ROM,.38867188,.39141467,5.2400010e-06,.000073129231,18960.547,23491.879,61050.27,.81428695,.29178014,.29360878,11.289917
2003,RUS,.094140626,.11000291,1.2111643e-06,-.0007037957,128799.05,86035.82,354442.72,.32791236,.096733011,.17803888,13.088272
2003,RoW,.33051759,.32836071,.000054349326,.0009034882,1308815.1,1469827.6,3897372.8,.78777665,.27096057,.28232321,15.465359
2003,SVK,.426709,.57647347,.000021351272,.000040214167,24339.561,24067.104,32019.514,.70351464,.46689868,.42703158,10.939499
2003,SVN,.42319337,.43744847,.000025086123,.00046249101,14287.013,14456.138,27479.602,.62596315,.35913599,.34611705,10.639853
2003,SWE,.42495117,.37453061,4.7384328e-06,.00090731948,130882.3,104826.95,270777.22,.53707701,.28139165,.2609846,12.90336
2003,TUR,.55810547,.4500756,9.1118109e-06,-.0031417953,53189.164,66806.211,302309.5,.87676042,.24042805,.18792254,12.781277
2003,TWN,.38085938,.4368571,.000025795955,.00064168446,172974.55,142925.58,275897.09,.59002429,.37635705,.31841081,13.014492
2003,USA,.52395022,.21140942,.000049153987,.00084359874,945047.31,1391176.3,11620792,.7497052,.098174945,.11071097,16.346493
2004,AUS,.30864257,.19118752,9.6587873e-06,.0014446453,122754.3,131595.58,638026.81,.57346374,.1299489,.1729743,13.542101
2004,AUT,.45361328,.41349778,5.9040062e-06,-.00071862957,132051.94,122693.66,268179.06,.57759565,.3088001,.30655712,12.899797
2004,BEL,.39726561,.47387591,.000017317368,-.00069268618,238705.53,210429.5,318086.88,.59885752,.39681438,.37793168,13.229948
2004,BGR,.45361328,.53759563,7.4582194e-06,-.002204858,12285.348,14474.402,24816.004,.77239025,.38324386,.39013141,10.521409
2004,BRA,.46923828,.26604211,9.4343432e-06,-.0035337952,109195.01,79039.969,594867.25,.53594649,.12887341,.11226276,13.464622
2004,CAN,.38242188,.3027235,.00001859539,.00062378158,374927.44,315849.25,901906.75,.49987027,.24627508,.24736904,14.059895
2004,CHN,.28095704,.34138453,5.2399946e-06,.0018918257,655829.13,570738.94,1874275.6,.69603723,.25250524,.22557917,14.743772
2004,CYP,.58564454,.42588818,.000031881351,.00051979272,3349.8115,6384.3115,17609.646,.9646529,.26357132,.30460289,9.950345
2004,CZE,.35664064,.51276875,3.5531707e-06,-.00090856053,73695.672,72308.164,105369.99,.69284451,.42383122,.40380809,12.095508
2004,DEU,.4161621,.31314772,5.4759184e-06,.00030260551,1007507.3,789020.38,2400220.8,.4638887,.22586474,.23153853,15.041556
2004,DNK,.40737304,.34802055,.000014053516,.00017739912,98085.016,83296.906,210178.06,.52792418,.29343,.27021369,12.638709
2004,ESP,.48291016,.3882077,.000042872874,-.00046280379,229314.22,293693.97,1060553.9,.75675309,.25572699,.22769302,14.07005
2004,EST,.26982421,.3732214,8.8170100e-06,-.00024168563,6843.5801,7725.7046,13743.957,.69552976,.32015008,.37526125,9.9324408
2004,FIN,.37226564,.34755543,.000016085723,-.00036406898,73102.305,58277.793,163067.89,.54737782,.26988566,.24676184,12.372308
2004,FRA,.51911622,.35711735,.00013199062,-.00047843336,492932.38,476344.72,1940223.5,.57596999,.23631345,.19577238,14.7047
2004,GBR,.43286133,.27033192,.000010775779,-.0013563903,523620.75,534548.94,2126650.3,.56623137,.17525135,.20169595,14.790173
2004,GRC,.52609861,.36944032,.000026886446,.0013588727,36579.137,67830.344,248425.67,.98763084,.27584547,.23799719,12.560262
2004,HUN,.50354004,.57975596,6.4972551e-06,.00086775236,59362.41,63431.105,99662.086,.76043832,.44738922,.39887631,11.976813
2004,IDN,.30659181,.25800005,.000032292341,-.0016181829,81394.055,65882.078,240366.66,.61762714,.19112425,.20475489,12.681563
2004,IND,.45654297,.31280664,.000026647545,.000040677878,123820.23,128122.55,708167.63,.77802509,.17625816,.15399569,13.631573
2004,IRL,.26279297,.45749336,7.8371531e-06,-.00060498581,149748.22,117771.7,143662.27,.61573035,.41738629,.40138888,12.589328
2004,ITA,.48486328,.36658636,.000086174972,-.0017018733,405297.41,395652.88,1635604.4,.61391801,.20657119,.1938618,14.528902
2004,JPN,.45654297,.18127735,.000024921508,.0031047757,613148.31,467719.97,4425186,.4725382,.10222034,.09283226,15.432586
2004,KOR,.37382811,.40406808,.00001542308,-.00074399065,289120.5,240516.63,645864.94,.6349116,.3143284,.25724104,13.748286
2004,LTU,.49169922,.4792693,.000027805945,.00081208372,9118.8682,11091.372,23135.27,.74742758,.33027294,.34387439,10.381402
2004,LUX,.30112305,.61342108,7.4507798e-06,-.000029513845,44264.246,38409.27,26388.797,.69689059,.58999509,.54363221,11.165537
2004,LVA,.38632813,.41576973,.000047561134,-.000048400016,5203.7544,7141.4546,15031.294,.81550854,.30380842,.352925,9.9151716
2004,MEX,.63571775,.45077929,.000099290628,.00086235278,191138.69,195191.52,750282.19,.71052766,.31568623,.20733714,13.755146
2004,MLT,.45361328,.53321397,.000029188619,-.0017013161,3345.3403,4078.3943,5999.8115,.71396905,.4393484,.43641821,9.1426134
2004,NLD,.42231447,.41769633,6.2481913e-06,-.0013924078,313839.41,257878.86,526815.19,.57050914,.32472122,.3067596,13.641936
2004,POL,.47900391,.46028271,.000010198117,-.00058025989,93780.531,95764.781,243967.39,.67010814,.30878633,.28353921,12.730055
2004,PRT,.52932131,.4492687,.000012542584,.0011167168,45584.91,62850.102,185917.63,.78855729,.29934937,.27148774,12.352346
2004,ROM,.41879883,.42271897,7.5995631e-06,-.00096654467,25567.908,32323.281,78975.461,.82957244,.30674648,.30918539,11.557357
2004,RUS,0,.074611872,7.4956125e-07,-.0036183898,174985.63,108093.68,475425.84,.2821826,.078842483,.16619277,13.385361
2004,RoW,.31616211,.32994977,.000060257003,-.00059024396,1623206.3,1798467.1,4532294,.79173052,.27756372,.29217237,15.632856
2004,SVK,.44604492,.57401872,.000018480116,.0012937374,30296.914,30326.504,40971.949,.69869214,.4559572,.42552248,11.174214
2004,SVN,.43461913,.46661094,.00002806631,-.00059278379,18044.291,18654.943,32350.072,.65123224,.38795257,.37017918,10.827635
2004,SWE,.40825194,.36886215,5.6252957e-06,-.0011624552,159190.88,123953.54,306333.16,.52193612,.28596207,.26626667,13.050919
2004,TUR,.55517578,.44910511,9.2555720e-06,.0017224029,71898.789,93903.938,390403.13,.87364101,.2589038,.20312254,13.043974
2004,TWN,.38476563,.48466912,.000027156209,-.000067097637,206297.2,185090.77,311310.34,.64538378,.42280957,.35758901,13.156973
2004,USA,.53254396,.24352975,.000054179858,.0016036445,1073132.5,1624997.1,12465602,.83487391,.11591899,.12002578,16.421066
2005,AUS,.29970703,.18891016,.00001159023,.0001952812,149343.22,151441.7,705959.63,.54728466,.13440277,.17706208,13.659211
2005,AUT,.44956055,.42096737,6.8088684e-06,.000094591553,144305.81,133793.88,280198.41,.58170873,.31705546,.31517678,12.958677
2005,BEL,.40473634,.4845148,.00001586402,-.0009963651,247065.8,221153.78,336740.72,.61425209,.40647894,.37881348,13.277325
2005,BGR,.42583007,.49992388,9.9274239e-06,-.00059486629,10701.976,14190.528,28482.756,.79945719,.3433409,.36214432,10.576042
2005,BRA,.47021484,.25404882,9.3586805e-06,.0011989261,134029.8,96807.008,795202.69,.52267379,.11883583,.10417953,13.742114
2005,CAN,.37929687,.2956847,.000019518877,.00010253327,416185.09,355455.47,1037155.3,.50477469,.23744735,.24457826,14.189375
2005,CHN,.25810546,.3333438,4.9010487e-06,-.0019916724,836718.81,670058.94,2123614.5,.65452129,.25655282,.22634578,14.900812
2005,CYP,.43637696,.3353655,.000012798571,-.00036814265,3450.0903,6664.356,18863,.96576232,.22348323,.29867473,10.012929
2005,CZE,.36835939,.51511341,8.2013066e-06,.000976226,85928.977,81433.609,116670.24,.68021536,.43222424,.40194434,12.218985
2005,DEU,.40737304,.32704383,5.8262417e-06,.0029272947,1096000,865640.06,2427501.3,.47646421,.24175589,.2456761,15.074965
2005,DNK,.40825194,.38110033,.000017553022,-.00056298252,112538.84,96932.125,220830.02,.56536931,.32470089,.2907654,12.717005
2005,ESP,.48486328,.40099669,.000045356835,-.0022902819,245985.92,326928.69,1156846.4,.78782487,.26381177,.23304902,14.154004
2005,EST,.28623047,.41557965,4.6626587e-06,-.00023915721,8210.8945,9115.8057,14990.559,.70513165,.3602975,.39289805,10.05197
2005,FIN,.39023438,.39231703,.000017123724,.00023818034,79071.609,68175.828,173329.67,.612266,.30360952,.27010888,12.438775
2005,FRA,.52878416,.37648243,.00015277308,-.0011490077,517609.75,517951.34,2035951.3,.60452145,.24770321,.20283492,14.752999
2005,GBR,.40737304,.26560819,8.8725201e-06,.0018955532,547244.81,574998.75,2219255.5,.58306766,.17700347,.20784336,14.833094
2005,GRC,.51965332,.36010522,.000028450744,.0014061214,37936.25,68675.086,258633.06,1,.25708774,.23156504,12.600037
2005,HUN,.46142578,.56362891,5.8044752e-06,-.00042853391,67510.242,70392.297,105698.15,.74525523,.45218223,.40640235,12.062251
2005,IDN,.24072266,.23393844,.000033838656,-.00029920315,93886.82,78243.844,264891.81,.62460274,.18785922,.2180839,12.790461
2005,IND,.47314453,.34054887,.000037594047,-.00042348611,157727.97,169922.11,838895.13,.78256863,.20094784,.17049786,13.812128
2005,IRL,.27919921,.46898386,.00001058507,-.000513167,159911.94,131133.92,162039.95,.63028449,.42070794,.40730906,12.682158
2005,ITA,.49365234,.38806728,.00007898824,.00060647988,428302.31,429718.53,1692797.1,.64352083,.22145958,.20259236,14.567445
2005,JPN,.45947266,.20593125,.000027466447,-.00080296502,653686.56,530733.06,4424927,.51789528,.11732844,.10450353,15.440549
2005,KOR,.38320312,.41992167,.000018799929,-.00014857958,327944.66,281709.81,770938.5,.66803712,.32163784,.25636011,13.909805
2005,LTU,.44604492,.47478607,.000032343676,.00087070209,12539.707,14441.405,26710.889,.72288758,.35787645,.3679283,10.577722
2005,LUX,.29267579,.61528778,5.8014080e-06,.00038028488,49834.598,42511.949,28334.213,.69618386,.58873945,.54384798,11.266626
2005,LVA,.35742188,.40269226,.000027148857,.00081796205,6561.4224,8617.0615,17242.576,.76041538,.29937923,.36200058,10.077609
2005,MEX,.61477053,.43335587,.00010417493,-.00013039153,218309.89,219826.55,835482.19,.6919024,.29895538,.20860524,13.867906
2005,MLT,.41176757,.50999361,.00001036632,-.00056343386,3577.498,4367.5864,6362.6167,.71844178,.42860132,.43938994,9.2043343
2005,NLD,.42143553,.42623004,4.9453993e-06,.0015629781,341871.75,276263.22,544249.13,.57363963,.33644649,.31176698,13.694609
2005,POL,.47216797,.44861886,9.2714299e-06,.002385021,112144.88,109753.16,286047.19,.65525401,.30173105,.27562872,12.89469
2005,PRT,.5400635,.4666369,.00001671372,.000039638217,46689.047,66279.344,193276.45,.82740986,.30705351,.27620363,12.38825
2005,ROM,.40473634,.40272835,9.3991894e-06,-.00031372436,31153.801,41395.488,103750.51,.86215699,.29549092,.30685076,11.812321
2005,RUS,0,.072729222,2.1640715e-06,-.011821349,226895.34,137665.44,602804.69,.27681941,.075331293,.16592194,13.628819
2005,RoW,.29619139,.31904551,.000063446947,.00040238877,2014786.5,2135586,5170812.5,.75690556,.27539116,.2972036,15.787589
2005,SVK,.45263672,.57803994,.000013085563,.00046472379,34796.844,35572.91,47250.086,.70059562,.45729637,.43356785,11.315046
2005,SVN,.4302246,.47505888,.000023915438,.00073079544,20166.838,20708.977,34224.559,.65354842,.40323579,.38073993,10.903961
2005,SWE,.41088867,.38565454,6.9429584e-06,.0011796008,170943.42,136436.25,315517.09,.53811604,.30076799,.28046727,13.094911
2005,TUR,.57158202,.45964888,.000013044887,.00087250641,83868.938,112728.18,484176.31,.90560108,.25721145,.1984493,13.249956
2005,TWN,.39023438,.49193349,.000024950472,.00040187105,226720.56,200893.33,332014.91,.64964128,.43507919,.35954997,13.233432
2005,USA,.52609861,.25823149,.000057311488,.0018807573,1187011.4,1834853.3,13340537,.87895054,.12423818,.12630165,16.491558
2006,AUS,.30727538,.19666372,.000014815822,.00047824765,161914.5,161775.14,752184.19,.54902196,.14308348,.17697777,13.725694
2006,AUT,.44340819,.43270901,3.9060124e-06,-.00088338665,162637.2,147182.5,295069.56,.57923764,.32798639,.32156506,13.033984
2006,BEL,.41264647,.5034532,.000018414405,.00041594007,273343.03,246146.92,358061.22,.62674338,.4230147,.38984045,13.355701
2006,BGR,.29033202,.42694575,.000010735068,.00053172425,18922.043,20576.428,33643.703,.67565358,.33611929,.39144176,10.86982
2006,BRA,.46923828,.24414377,7.8237945e-06,-.0010755064,156508.08,118388,984053.31,.53523731,.11720912,.10379801,13.947031
2006,CAN,.39492187,.29807287,.000029362771,.0005645061,447523.31,394786.22,1184180.1,.51536423,.2389373,.24194729,14.305135
2006,CHN,.23486328,.32295254,2.8580459e-06,-.0003736876,1061578,802127.75,2494241.5,.62353045,.25239396,.22558169,15.084096
2006,CYP,.47607422,.37372789,.000019065292,.0005217552,3796.7695,7593.4697,20693.42,1,.25705427,.31006169,10.106028
2006,CZE,.37539062,.53916961,7.9291385e-06,-.0013222141,103876.18,98543.68,133873.09,.69787842,.45262718,.41448572,12.378972
2006,DEU,.40034181,.34137991,4.7223298e-06,.001253578,1258715,1003709.3,2533327.8,.4826175,.26001981,.26468828,15.148416
2006,DNK,.40737304,.4072209,.000011815403,.00071510655,128101.82,115795.46,239265.2,.59416628,.35357171,.31520376,12.814116
2006,ESP,.50085449,.43146053,.000052175434,-.00057489803,278285.22,377946.47,1274467.4,.82277626,.28620106,.24340418,14.25554
2006,EST,.417041,.52587485,8.8127354e-06,-.000067641893,10009.093,11651.085,17377.313,.74618751,.43194723,.42543316,10.217802
2006,FIN,.38632813,.41027531,.000021730217,-.0014713986,91424.992,78162.406,181962.59,.60561734,.32879302,.28590328,12.518646
2006,FRA,.53254396,.3903009,.00015405843,.0010628836,559843.19,569438.38,2159155.3,.62281942,.26199347,.20942946,14.815774
2006,GBR,.4144043,.27413255,.000011438659,.00021861488,607572.75,632001.06,2374982,.5886476,.18338835,.21189924,14.908291
2006,GRC,.52233887,.39102083,.00003845623,-.00061242463,43661.844,80437.734,284219.47,1,.28488442,.24532577,12.700407
2006,HUN,.43374023,.57395172,5.6235722e-06,.000069361253,81417.633,83013.078,107885.91,.74486381,.47808871,.43851838,12.151107
2006,IDN,.21923828,.20408463,.00002604707,-.00080828439,112559.64,88144.219,346386.84,.5943917,.16451915,.19205773,13.036689
2006,IND,.45361328,.35357186,.000028030134,-.0008297523,198123.95,213375.17,947707.19,.81193757,.21002576,.18621869,13.951641
2006,IRL,.29267579,.46812728,.00001192966,.001091637,170932.38,143958.75,184763.91,.63687867,.41077265,.40472379,12.781833
2006,ITA,.50676268,.42356953,.000076517019,.0014482045,481657,496999.28,1785815.5,.68241239,.24516454,.21918647,14.634176
2006,JPN,.45654297,.23716234,.000027238757,.00013495539,703104.31,591311.63,4219379.5,.56335253,.13981034,.12012465,15.409324
2006,KOR,.38710937,.43225634,.000018709654,.0017630041,373619.09,331011,877018.38,.68880773,.33317265,.26467383,14.039164
2006,LTU,.44516602,.48090562,.000033405624,-.0001180633,14802.129,17761.908,31585.998,.72239369,.36279801,.38289773,10.744799
2006,LUX,.27099609,.62694424,4.2178503e-06,-.0003336787,62816.273,51665.707,29456.559,.69449759,.60471147,.55992329,11.432505
2006,LVA,.40825194,.45882887,.000028026016,-.00096428301,7471.603,11386.667,22715.15,.86744952,.31871814,.3772074,10.315159
2006,MEX,.61223143,.43062639,.00010053265,-.00081278163,251495.91,250118.98,936424.5,.68106329,.29968649,.21055198,13.987715
2006,MLT,.40209961,.53916156,.000027490109,.00083526806,4339.1494,5158.8877,6760.3228,.73100322,.463,.46478677,9.3146524
2006,NLD,.42583007,.44208607,3.4206421e-06,-.001100858,374203.84,309369.25,583072.13,.58979708,.35120177,.32317665,13.771847
2006,POL,.47021484,.47501871,7.0701881e-06,.00059904793,137120.59,137410.61,324890.16,.68613297,.32708347,.29741865,13.043344
2006,PRT,.52824706,.46477184,.000014137554,.000073295596,55476.367,74631.977,204838.94,.79204768,.31822941,.28669837,12.469649
2006,ROM,.40825194,.40677017,.000011323232,-.00051960797,38170.105,52856.406,130244.63,.86984748,.2930938,.31384671,12.034184
2006,RUS,0,.069634922,1.6868375e-06,-.0080113718,285063.91,177506.77,790493.06,.27097079,.072254755,.16503707,13.88835
2006,RoW,.28564453,.31271896,.00006756228,.00062078191,2317531.5,2481827.5,5955605.5,.76276791,.27247012,.29998627,15.928524
2006,SVK,.43286133,.58640295,.000011924868,-.00032687795,44573.172,45020.051,55319,.71348697,.48270369,.45068648,11.511847
2006,SVN,.4144043,.47903678,.00002096716,.00028018415,23592.172,24089.404,37343.715,.65423167,.41554847,.39532375,11.017577
2006,SWE,.40913087,.39590564,7.8004450e-06,.00078998582,192960.41,155369.56,339604,.54447913,.3124744,.29173854,13.185459
2006,TUR,.59033203,.49187812,.000017946519,.0027910152,96586.477,135671.41,541456,.96420026,.28375572,.21263695,13.36616
2006,TWN,.38789064,.51090842,.000022882368,-.00039156454,250928,218687.45,336705.38,.66253018,.45796472,.37214947,13.283858
2006,USA,.53200686,.26861128,.000067398942,-.00047352212,1348900.3,2032551.1,14142815,.86775941,.13155718,.13120246,16.555817
2007,AUS,.31958008,.20953472,.000018783057,.00063468987,195359.2,203614.14,916600.69,.57988411,.15205434,.18311284,13.921635
2007,AUT,.43989259,.43351758,5.6555541e-06,-.001227443,194688.09,174264.31,338807.94,.57539171,.33308637,.32664594,13.187207
2007,BEL,.4144043,.51258308,.000019953102,.00070158864,324688.84,292889.78,411351.63,.63400453,.43365765,.39792618,13.509041
2007,BGR,.46923828,.60853171,.000012726782,-.0011268768,23672.799,30675.434,44046.73,.85251755,.44449452,.45297766,11.12313
2007,BRA,.47607422,.25211251,.000010357722,.0031735431,182673.14,153431.64,1253047.5,.58533823,.1186469,.10686734,14.177177
2007,CAN,.40122071,.29602775,.000028456994,-.00060050777,479760.69,429994.47,1321416,.51469016,.23298296,.23872976,14.403951
2007,CHN,.23095703,.31422505,2.2306092e-06,-.0031388362,1342004.1,973630.81,3176598.3,.6086393,.24513422,.21547167,15.323713
2007,CYP,.48095703,.39592817,.000019190282,-.00067342154,4611.5791,9632.7842,24877.604,1,.28212291,.32665485,10.291779
2007,CZE,.37382811,.54101247,8.3145014e-06,-.00091781141,133682.14,123846.64,160249.19,.67979372,.45905891,.4213455,12.591102
2007,DEU,.39335936,.34735468,5.1119123e-06,.00090560777,1510355.9,1170974.9,2835592,.48140401,.26684347,.26944062,15.284755
2007,DNK,.4144043,.42611867,.000013722678,.00043814094,147311.58,135452.42,274629.13,.61526513,.36705047,.32102242,12.952621
2007,ESP,.50891113,.43989864,.000058102582,.00027547477,334952.88,453611.84,1494496.9,.82761097,.29196084,.24794988,14.419526
2007,EST,.40385741,.48018274,.000013903087,.0011866217,11380.256,13466.351,22206.619,.73454571,.38113806,.40094087,10.42189
2007,FIN,.38476563,.40848392,.000021399392,-.00062583206,109319.49,92552.172,215165.81,.60356849,.3260394,.28522763,12.689996
2007,FRA,.54543459,.40406236,.00016161879,.00025625207,636358.94,660251,2489622.8,.63606155,.26670054,.21121398,14.955259
2007,GBR,.41088867,.26977575,.000012424277,.00010768719,703544.63,729681.25,2728348,.58147746,.18139729,.21261774,15.048622
2007,GRC,.51643068,.38841388,.000052025007,.00083240832,51368.77,98724.664,337117.19,1,.27999067,.25412673,12.870012
2007,HUN,.4275879,.57226211,7.6781926e-06,-.0010596791,103086.97,101586.19,127523.68,.72399771,.4824672,.44050953,12.348486
2007,IDN,.23779297,.20378867,.000025306497,.000399121,125466.08,102583.45,415640.81,.60178024,.15994491,.18958074,13.201372
2007,IND,.45263672,.35121113,.000025154926,.0011543181,242725.13,268350.44,1204682,.8370983,.21097808,.1854008,14.185285
2007,IRL,.27919921,.46137545,.000013593759,-.00047522294,202338.86,171829.48,215565.39,.62375265,.40626231,.4111695,12.943007
2007,ITA,.50031739,.42261225,.000073496849,.0011061027,574777.88,577897.94,2017936.9,.66441274,.2507433,.22289298,14.768216
2007,JPN,.45263672,.25234035,.000026909916,.002090852,772058.5,639123.63,4201593,.57046807,.15317725,.12850189,15.419664
2007,KOR,.38085938,.4376303,.000016247048,.002376653,436228.16,385382.97,966246.31,.68957806,.34213388,.27478787,14.153749
2007,LTU,.42495117,.43636489,.000026648044,.00048030028,17519.477,22277.305,41775.605,.68137336,.31685019,.37570241,10.990282
2007,LUX,.24990234,.6306529,4.3432433e-06,-.00015668692,79144.18,64671.504,34660.914,.69549423,.61254168,.56826544,11.642242
2007,LVA,.4302246,.450634,.000020437546,.00043445319,10035.707,15338.8,32441.643,.85437739,.30440608,.36110538,10.656726
2007,MEX,.60905761,.42550334,.000099423662,.000060297032,275760.13,277634,1022320.8,.68325657,.29508469,.21388036,14.076398
2007,MLT,.37851563,.52722007,.000011647153,-.0004327122,5320.7524,6223.1943,7877.4819,.72114968,.45490178,.47151718,9.4878387
2007,NLD,.4161621,.43404165,2.8236193e-06,.00050149299,436276.72,357993.69,671502.06,.57964081,.35044473,.32316351,13.917868
2007,POL,.45947266,.47308174,6.2472291e-06,-.00096750498,174806.16,179302.88,409328.41,.68314511,.32809138,.30695474,13.277886
2007,PRT,.51965332,.4561933,.000015364541,.0020449655,66247.695,87100.148,237321.09,.76615334,.31376037,.28692064,12.623363
2007,ROM,.4144043,.3931309,.000010489774,.000057148129,48894.801,71798.656,183822.88,.87433702,.27551922,.30852258,12.357581
2007,RUS,0,.067672409,3.3220049e-06,-.014394547,326695.75,241530.3,1095176.3,.30850989,.06908869,.16986781,14.167485
2007,RoW,.29267579,.32253614,.000063718166,.00068760104,2656330.5,3029337.5,7159128,.79992104,.27989611,.30862924,16.099468
2007,SVK,.42231447,.57594889,7.3960382e-06,-.00028678571,61061.863,59368.938,71808.758,.6875878,.47508743,.44681764,11.797132
2007,SVN,.40385741,.48576489,.000019535255,.00098237512,29219.039,30342.359,45911.445,.67337984,.42151424,.40386215,11.226982
2007,SWE,.42231447,.41119003,.000012403606,-.0012402285,226789.44,186026.55,395724.25,.55536562,.31874824,.29883125,13.341521
2007,TUR,.59619141,.49896652,.000023226117,.00071440637,119530.02,164454.83,661962.75,.96328604,.2938267,.21043679,13.568961
2007,TWN,.36835939,.50718129,.000022225719,.00035854589,277126.03,235846.05,346764.22,.65140682,.45743328,.37802491,13.34373
2007,USA,.52395022,.26563147,.000061510145,.0029346561,1530925.4,2161402.8,14756626,.81597018,.13275743,.13270274,16.605911
2008,AUS,.31479493,.20973034,.00002334169,-.00054881303,243242.17,223979.5,984650,.5267393,.15785065,.18240975,14.020809
2008,AUT,.4302246,.43972704,5.7615134e-06,.00062185107,218578.16,197448.31,376966.84,.58710891,.34038803,.33154222,13.297233
2008,BEL,.43725586,.54728752,.000022123722,.00040703174,375094.16,354991.53,470776.16,.6730572,.461207,.41967607,13.648121
2008,BGR,.45947266,.59538299,.000016314329,-.000031317195,28533.014,37860.242,54463.691,.84301507,.43923309,.45616561,11.326556
2008,BRA,.46826172,.26562592,8.5193060e-06,.002182811,225925.78,211376.03,1528972.5,.65812129,.13019218,.12044916,14.377921
2008,CAN,.40034181,.29900637,.000027030199,.0020812564,511222.81,465299.25,1411603.1,.53000742,.22530286,.2419872,14.469307
2008,CHN,.23095703,.2987918,1.8746638e-06,-.0012870847,1581532.9,1165162.3,4158318.5,.60618567,.22573714,.2029952,15.562943
2008,CYP,.59443361,.48278648,.000050858966,-.00041009655,5147.4307,11415.839,29352.525,1,.30212447,.33089429,10.448713
2008,CZE,.38320312,.54059666,9.0196290e-06,-.00023553085,160845.92,149210.14,201160.02,.68712497,.45529363,.41217595,12.799416
2008,DEU,.40561524,.35312736,.000040231931,.0001672224,1671979.6,1323009.8,3129273,.49570429,.27540892,.27555513,15.384387
2008,DNK,.4275879,.44671351,.000012943204,-.00035295004,172483.94,156527.13,302105.09,.61798263,.38757375,.32981613,13.070205
2008,ESP,.52019042,.45080742,.000066409899,-.00029845943,366573.16,483950.56,1659682.1,.83692181,.29342371,.23883988,14.5217
2008,EST,.36523438,.44907969,8.5310321e-06,.00017005111,13084.973,13935.88,23128.262,.6819452,.37461415,.38482836,10.49718
2008,FIN,.37539062,.42065871,.000021074249,-.0018432469,123398.02,108837.96,241733.97,.63384998,.34018964,.29807842,12.808014
2008,FRA,.56689453,.42396247,.000088830289,.00089811574,704818.88,745498.94,2765315.3,.65822786,.27775109,.21483289,15.059704
2008,GBR,.39882812,.27760702,.000012857549,-.0010609934,737461.63,748582.5,2594315.3,.5895049,.1998976,.22467966,15.019016
2008,GRC,.54382324,.3933115,.000045078225,-.00025001622,60927.844,115536.13,380873.25,1,.29364985,.26151165,12.998615
2008,HUN,.43549806,.5792135,6.7641949e-06,.001119924,116244.72,116238.97,146158.5,.73186284,.48055893,.44297844,12.477637
2008,IDN,.19414063,.20183066,.00003859977,-.00049221184,150603.3,137567.52,506276.78,.66178066,.16761509,.20942561,13.395257
2008,IND,.50031739,.37851679,.000053821186,.0008230845,259622.89,294846.69,1329637.4,.820997,.21901546,.18552448,14.278779
2008,IRL,.28154296,.47685423,9.4437928e-06,-.00046497106,213772.95,181990.36,219650.33,.6418891,.42095247,.41989058,12.97947
2008,ITA,.48876953,.41748944,.000075108721,-.000041347197,620446.25,633477.94,2211442.8,.67999524,.2555083,.22369447,14.856455
2008,JPN,.47216797,.300816,.000038702274,.0022917381,861051.19,782840,4735979.5,.66004264,.18082172,.13986702,15.537746
2008,KOR,.37460938,.50933474,.000015592193,.00094373111,495057.31,473784.94,898678.94,.76995844,.41625318,.33993873,14.147499
2008,LTU,.47509766,.52482283,.000039451497,-.00023303452,24346.732,29376.438,49922.234,.7469762,.39317527,.39554122,11.215448
2008,LUX,.25400391,.63391298,5.2707487e-06,.00018194532,90750.609,74058.078,39493.367,.70039266,.61666405,.56861037,11.777164
2008,LVA,.38164061,.39364347,.000015255982,-.00075052312,12076.112,16280.536,36267.066,.77168673,.28789014,.33677009,10.78608
2008,MEX,.60461426,.41916007,.00013730163,-.0012423815,284015.88,294482.5,1106151.9,.70205748,.28814578,.21183234,14.144935
2008,MLT,.37851563,.51564825,.000019715959,-.00051588187,5961.311,6853.3579,8970.6895,.71224296,.43782145,.45897117,9.6112623
2008,NLD,.40737304,.44722936,2.8478528e-06,.0001904769,527855.13,438605.72,751489.38,.59223014,.37086901,.34283629,14.061858
2008,POL,.46044922,.47214639,7.3725200e-06,.00047132946,213238.3,225277.38,520890.16,.69982702,.32640749,.3068637,13.506439
2008,PRT,.5400635,.48413533,.000021596368,.000068256093,72611.117,100750.89,265071.78,.82786644,.32991919,.29835948,12.729862
2008,ROU,.40122071,.3935802,8.2303277e-06,-.0012198065,60280.25,86273.898,220896.91,.87978977,.27960253,.30683112,12.546741
2008,RUS,0,.06756267,8.0167356e-06,-.025718629,424573.44,322083.97,1409500.8,.31242207,.071086302,.1756112,14.42205
2008,RoW,.25810546,.29350898,.000051272124,-.00046457877,3336283.8,3569754,8519424,.74692452,.2596375,.30110005,16.288321
2008,SVK,.42143553,.57007653,9.9820600e-06,.000060025683,73507.383,72874.141,92710.25,.69633114,.46614417,.43842605,12.021053
2008,SVN,.40473634,.47716337,.000021099391,-.00057030027,32166.34,34397.055,54070.793,.67365104,.41150412,.39886594,11.364856
2008,SWE,.43110353,.43051246,.000016651975,-.00023858569,248132.59,208723.92,424529.63,.57572311,.33621138,.31029528,13.418999
2008,TUR,.48876953,.3609243,8.1316130e-06,-.00057324901,147548.3,192754.44,746949.69,.70431316,.22334695,.21548896,13.704018
2008,TWN,.37929687,.5383805,.000028206212,.00015104427,288769.5,258045.08,364682.38,.7009182,.4862923,.39489532,13.390024
2008,USA,.5411377,.29803765,.000085717096,.00056640792,1641838.6,2337644.8,15132820,.8645004,.15106355,.13935573,16.63538
2009,AUS,.26748046,.1674574,.000010096526,-.00026891049,200696.48,192821.09,975694.88,.53606415,.12655312,.16390897,13.977962
2009,AUT,.4275879,.39872265,6.5535705e-06,-.00029785922,168010.11,153419.23,350168.22,.56598788,.29655725,.29607421,13.158074
2009,BEL,.40913087,.47981063,.000025416746,.0012329496,301037.72,275136.13,429727.41,.61998451,.40552017,.37650418,13.501847
2009,BGR,.36523438,.47769374,.000021383959,.0010513489,21725.164,24912.59,46036.879,.74529183,.34546947,.36764815,11.123757
2009,BRA,.46533203,.21915922,5.2142495e-06,-.00023814449,177168.16,168974.34,1509595.9,.63568026,.10167865,.10017663,14.338323
2009,CAN,.4144043,.29247183,.000023242756,.00080960972,377137.53,381023.53,1292959.1,.57359493,.20601052,.2281446,14.328392
2009,CHN,.23486328,.26280358,3.6635247e-06,-.0058873985,1333217.1,1048884.5,4748920,.62855923,.19049041,.17245328,15.620867
2009,CYP,.46533203,.36664307,.000027005963,-.0009905434,4628.4951,8671.1064,26052.65,1,.25955927,.28262004,10.331404
2009,CZE,.39335936,.50470686,8.2585275e-06,.00085383188,121602.41,110242.02,172837.06,.6514163,.41256166,.37441319,12.592829
2009,DEU,.43110353,.32098651,.000047654241,-.00006744,1265888.4,1004959.2,2903953,.46633559,.23712245,.24100657,15.243388
2009,DNK,.44428712,.4140684,.000013394699,.000083425541,133160.8,117439.95,272647,.58920419,.35918272,.28939798,12.913635
2009,ESP,.49267578,.38169202,.000059601651,-.0027080586,293688.19,350325.25,1483541.3,.74603599,.24029601,.19711876,14.390566
2009,EST,.32915038,.38316461,5.8382020e-06,.00031534006,9918.4043,8832.5146,16806.469,.58547527,.32688558,.33049792,10.19335
2009,FIN,.38242188,.38202152,.000022404911,.00047941186,87225.828,79860.25,216527.22,.62716848,.30117893,.26291177,12.62397
2009,FRA,.58447266,.40244243,.00013317655,.00010613271,564578.94,595525.5,2561139.3,.62419307,.24332544,.19052437,14.955174
2009,GBR,.38789064,.25957045,.000013477498,-.00075625797,572279.81,577281.31,2115434,.57718396,.18657415,.21478526,14.804201
2009,GRC,.53308105,.33230236,.000029601464,-.0012207247,45928.477,89996.07,351589.06,1,.24214701,.22639522,12.892994
2009,HUN,.40034181,.51565981,9.0048743e-06,.0011573232,86121.641,81386.031,114323.01,.6752283,.43261257,.40602747,12.208293
2009,IDN,.20263672,.16695498,.000027901111,.00051463465,130588.27,109126.09,527370.81,.61688226,.1357217,.16585544,13.396898
2009,IND,.55341798,.40279269,.00016083641,-.0026835972,227253.97,267974.34,1367541.1,.8379941,.23303568,.16803057,14.282256
2009,IRL,.27099609,.4800643,.000012426252,-.0003535045,195689.11,154971.78,174444.5,.62207919,.42884254,.41869146,12.821619
2009,ITA,.47705078,.3592492,.000075935,-.0021199703,467638.56,476147.31,2023016.9,.659872,.2134003,.19117349,14.728057
2009,JPN,.48486328,.23211379,.000038633443,-.0043552583,640035.88,569068.81,4871828,.58214712,.13278939,.10324435,15.522413
2009,KOR,.34282225,.44541204,.000014391815,.00035087328,407710.19,352512.88,765613.44,.6887309,.36804885,.3004396,13.975351
2009,LTU,.44340819,.4433445,.0000309139,-.0015175017,17787.709,18317.814,35394.602,.62141496,.33290488,.34443435,10.881481
2009,LUX,.25517577,.62754589,.000010192104,.00063523243,79204.18,63756.895,35605.477,.69597286,.61173373,.55532694,11.651031
2009,LVA,.30727538,.32442334,.000026812564,.0006331972,9650.0811,10057.26,25106.584,.60597408,.24168257,.28936204,10.456126
2009,MEX,.57744139,.39036432,.000062912775,.00013520157,219208.3,221336.64,866632.25,.65563834,.28959027,.20383899,13.897865
2009,MLT,.35664064,.46628162,.000018792163,-.00070770975,4978.8672,5595.79,8187.3511,.66744852,.39369088,.42501119,9.4854097
2009,NLD,.40649414,.42493737,3.7587613e-06,-.00075565424,431915.97,362207.69,694372.94,.58797467,.34618366,.32159394,13.934439
2009,POL,.44252929,.4210206,8.2779634e-06,.0011322962,165890.06,158895.39,406349.75,.62583411,.28906381,.27767274,13.257314
2009,PRT,.5368408,.44254881,.000034804678,.0016002422,56774.355,77465.797,241008.25,.77344888,.27504918,.26014212,12.604119
2009,ROU,.34555665,.33216956,6.8853592e-06,5.8118248e-06,46893.391,56842.5,165733.69,.79127878,.24077156,.26733425,12.267295
2009,RUS,0,.050627541,4.0569503e-06,-.019103693,286686.34,216665.45,1066747.6,.25137469,.053045049,.16008572,14.118155
2009,RoW,.29619139,.28852576,.000054693224,.00027405587,2360037.3,2797099.3,8143928.5,.81070215,.24131216,.26628983,16.167263
2009,SVK,.4144043,.51545995,.000010155177,.000046073936,57239.258,55238.945,84099.727,.64627808,.41774705,.39082596,11.858916
2009,SVN,.39804688,.42203048,.000017935032,.00003431708,24932.816,24863.447,46213.176,.61358351,.36354464,.34947079,11.172489
2009,SWE,.43461913,.39688167,.000019623529,-.00085284084,181913.17,152138.61,351008.94,.5565393,.30690637,.28548002,13.186131
2009,TUR,.46435547,.29484272,8.3568229e-06,.00039344875,117814.34,136836.02,603881.31,.56815559,.17953989,.18960349,13.489359
2009,TWN,.38789064,.47311157,.000021507152,-.00060640823,229938.56,189322.13,329049.47,.62149018,.42433801,.33868727,13.233883
2009,USA,.53361815,.22681288,.000076384589,.0011670378,1402113.8,1779776.5,14543878,.72140849,.11375313,.11161278,16.584719
2010,AUS,.25048828,.15731423,9.2002138e-06,.00018716077,273733.28,240089.89,1205603.4,.48856574,.1230958,.16229564,14.207105
2010,AUT,.43549806,.4253352,6.4842457e-06,.000297558,179111.34,165293.94,346888.56,.58333808,.32155585,.31424707,13.173057
2010,BEL,.426709,.51525229,.00002716959,.00035886487,322584.63,298178.28,430450.22,.64822739,.431961,.39596877,13.531867
2010,BGR,.36523438,.47856134,.000021917811,.0017480659,21334.014,24512.334,45234.289,.74812329,.34655467,.36822832,11.105984
2010,BRA,.46728516,.22746941,4.7979370e-06,-.00059201685,232982.25,235979.06,1970776.6,.67105258,.10546599,.10708026,14.605675
2010,CAN,.40209961,.29943356,9.4226307e-06,.00096165517,449279.44,456234.56,1516270,.57133418,.20194909,.23211554,14.491282
2010,CHN,.23779297,.28699392,2.4068963e-06,.0036494606,1743486.4,1433395.8,5687223.5,.6584354,.21236032,.1929016,15.821132
2010,CYP,.46435547,.3655377,.000026683629,.00038293068,4524.5112,8483.8838,25474.104,1,.2595315,.2828092,10.308907
2010,CZE,.41879883,.55672401,7.5177186e-06,-.0014090186,136855.55,126404.07,175656.3,.68619645,.45101807,.40447769,12.652398
2010,DEU,.4284668,.34860659,.000047291,.00097903935,1391739,1107225.3,2890038.8,.4916921,.26071522,.25859007,15.269878
2010,DNK,.42583007,.4087733,.000012542271,-.00036795501,141872.73,121416.04,268067.56,.57519436,.35539457,.2961798,12.923767
2010,ESP,.51643068,.42055067,.000060034436,.0010169008,322167.16,380447.84,1415886.5,.75635189,.27303845,.21889304,14.368277
2010,EST,.33051759,.38329178,5.7573629e-06,.00050729007,9835.293,8765.4902,16667.322,.58332741,.32665449,.33074057,10.184999
2010,FIN,.39257813,.41426817,.000029746161,-.00013540796,93309.531,86651.945,214919.53,.65483731,.32665753,.28112841,12.638598
2010,FRA,.58857423,.42897713,.00012338423,-.00063221931,609073.75,642703.13,2512759.5,.64170319,.26799405,.20587362,14.953931
2010,GBR,.4152832,.28883705,.000015619413,-.00046757469,617534.5,639541.13,2196081.3,.59316373,.20385577,.22730222,14.849981
2010,GRC,.5368408,.3329758,.000029340355,.00077065878,42838.238,83993.938,327916.03,1,.24187328,.22654881,12.823295
2010,HUN,.38398439,.53838295,4.8741995e-06,.00035786783,97512.055,90529.203,113839.59,.68349117,.45468459,.4283345,12.261278
2010,IDN,.16132812,.16186903,.000031480904,-.00033976045,171667.86,151155,694385.88,.65481716,.13805424,.17453305,13.671702
2010,IND,.52824706,.37311766,.00010397923,.00017138425,308575.88,340763.44,1685732.9,.76539737,.21524818,.17086795,14.505808
2010,IRL,.25400391,.48727515,.000010609299,.00039427937,197740.64,152820.41,155756.72,.61520648,.437215,.4323099,12.775631
2010,ITA,.50085449,.41727677,.000080922255,-.00049553858,514167.56,547652.19,1985304.3,.71139318,.25537592,.21910717,14.73159
2010,JPN,.47607422,.24979734,.000033823824,.0035912383,835356.38,705549.5,5269733,.57274753,.14965741,.11556743,15.624633
2010,KOR,.33872071,.46315026,.000012727683,.00079692306,519652.84,461432.22,926872.63,.70086557,.37494576,.31899351,14.184675
2010,LTU,.44516602,.44523576,.000030783791,-.00020305443,17525.207,18058.363,34859.219,.62328428,.33397964,.34472772,10.866364
2010,LUX,.25400391,.62759471,.000010392103,.00044678722,81066.969,65248.18,36435.426,.69574594,.61200964,.55529237,11.674214
2010,LVA,.30864257,.32594982,.000027762488,.00038521545,8957.4043,9340.7676,23306.688,.60825336,.24258879,.28950971,10.38171
2010,MEX,.58037108,.40718666,.000056116896,-.0013314215,286285.31,284403.5,1018125.2,.65995455,.30342326,.21803221,14.081262
2010,MLT,.35039061,.46610469,.00002161114,-.000058317983,5036.9502,5661.1919,8285.1172,.67728293,.39456829,.42494845,9.4971771
2010,NLD,.417041,.45626485,2.8621764e-06,-.00015291177,468328,391264.34,675552,.59998339,.37649024,.34205016,13.949937
2010,POL,.46533203,.46725515,.00001209936,-.002420095,191581.38,189481.48,441430.53,.66684395,.32368433,.29933321,13.358245
2010,PRT,.53254396,.43948454,.000031778138,.00064400019,55295.973,75499.766,234728.5,.77459329,.27525708,.26032206,12.577721
2010,ROU,.34760743,.33294269,7.5247222e-06,-.00033233041,46919.016,56910.109,165828.86,.79010487,.24020688,.26750025,12.267863
2010,RUS,0,.052183609,.000010919031,-.032540567,371743.19,280014.13,1275772.1,.25177491,.052917425,.16996147,14.314779
2010,RoW,.31069335,.29309785,.000066003246,-.000050682229,2870206.5,3275723.5,9265315,.77074522,.24742755,.26992854,16.311647
2010,SVK,.4135254,.51604891,.000010482705,-.0010299861,56957.867,54970.309,83690.375,.6475504,.4183422,.39083537,11.854017
2010,SVN,.39882812,.42329809,.000017995875,-.00080139196,23731.539,23681.74,43996.684,.61535072,.36432922,.34965837,11.123259
2010,SWE,.43637696,.41378623,.000020410112,-.00014945697,212123.11,178440.39,400598.53,.56680703,.31653982,.29122588,13.325666
2010,TUR,.49560547,.33259314,8.9108626e-06,.00017986589,129404.4,178749.48,740113.44,.65231836,.19060804,.20557311,13.675694
2010,TWN,.36992186,.51183808,.000019242147,.00063985604,311633.09,268995.94,383557.44,.65179461,.4621394,.38693842,13.451941
2010,USA,.54990232,.2654514,.00011832002,-.0001233581,1634458.3,2142527.5,15097909,.77990746,.13460545,.12804689,16.632856
2011,AUS,.26220703,.175439,.000010669251,.00032079965,326818.22,304332.97,1417152.1,.53158629,.13742872,.17450581,14.371675
2011,AUT,.44340819,.45071855,6.3500133e-06,-.00067345455,212266.8,200016.47,388543,.60335475,.34209871,.33291146,13.306034
2011,BEL,.43813476,.54269993,.000029440878,-.00052443589,371397.63,349087.31,474726.78,.67141211,.45950785,.41257209,13.648421
2011,BGR,.36523438,.47888938,.000021836975,.00072498102,23898.363,27470.141,50675.844,.74871272,.346733,.3683598,11.21955
2011,BRA,.48388672,.2490387,5.7779721e-06,.0012703114,294453.44,299324.09,2256495.5,.67495126,.11892759,.11733833,14.751976
2011,CAN,.39414063,.29781705,7.3935576e-06,-.0011916891,518169.66,514288.19,1661648,.55953586,.2022918,.23593175,14.594751
2011,CHN,.23779297,.29366705,1.9465238e-06,.00069348671,2086189.1,1791452.6,7092210.5,.70778525,.21562566,.19518137,16.032364
2011,CYP,.46533203,.36767864,.000027146909,-.0014619722,4868.0396,9139.9736,27417.93,1,.26017001,.28309429,10.382388
2011,CZE,.39414063,.55580229,6.3377374e-06,-.00018856085,164829.45,150593.05,190373.22,.67941475,.46454751,.42396373,12.780444
2011,DEU,.4275879,.36432379,.000046628156,-.00056196825,1602979.1,1304427.8,3191065.8,.50719935,.27240592,.27209336,15.382885
2011,DNK,.42319337,.42534709,.000011477105,.00023660455,159117.52,136733.33,284718.75,.59103853,.37145129,.30807155,13.003211
2011,ESP,.52072752,.43563309,.000061315855,.00082767382,386533.81,428282.5,1489128.6,.72987056,.29691294,.22833666,14.444472
2011,EST,.33120117,.38466322,5.9617391e-06,-.00034815719,11484.274,10239.278,19463.92,.58520561,.32733306,.33085221,10.34007
2011,FIN,.41879883,.44981,.000031494375,-.00091966288,104298.3,102165.91,243651,.6964317,.34448382,.293623,12.759812
2011,FRA,.59091794,.44226861,.00011829819,-.0019022427,691459.88,747139.63,2732499.3,.66536814,.28516418,.21820927,15.046309
2011,GBR,.42319337,.30213764,.000016830387,.00053346972,701475.38,715533.81,2349654.8,.59429741,.21590012,.23451436,14.931023
2011,GRC,.52824706,.32894555,.000026434576,.00089560065,42560.676,83517.594,325848.25,1,.24268779,.22669807,12.816949
2011,HUN,.37539062,.54578656,3.3322654e-06,-.0013025372,114320.02,105574.6,124188.59,.68213713,.45960322,.44264483,12.38216
2011,IDN,.13330078,.16617329,.000031918851,.00047748661,218789.19,195968.8,832968.38,.67480397,.14628616,.18632506,13.865973
2011,IND,.54328614,.38483444,.00011355292,.00049199583,338087.94,376792.91,1924106.6,.79786628,.21687698,.16656078,14.631845
2011,IRL,.25927734,.49142683,7.1704339e-06,-.00020120083,217243.02,164753.3,159065.59,.60505146,.44567347,.43781433,12.838165
2011,ITA,.49658203,.42533097,.000072816649,-.000016924514,596636.69,621037.81,2123707.5,.70964837,.27062058,.22829384,14.816269
2011,JPN,.49267578,.28432676,.000040983308,-.00056162535,895486.5,870637.13,5878861,.66579604,.16841628,.1285197,15.728654
2011,KOR,.34760743,.49048623,.000013258505,-.00059426611,612792.94,552991.88,1025119.8,.72302622,.40077987,.33761987,14.308933
2011,LTU,.44604492,.44599289,.000030947307,.0011989924,20509.33,21148.068,40807.078,.62502468,.33458024,.34490064,11.023803
2011,LUX,.2569336,.62844914,9.8526953e-06,-.00041687809,90521.898,72854.234,40689.336,.6967141,.61236697,.55524385,11.784564
2011,LVA,.31137696,.32521242,.000016744032,.0012902343,10529.417,10985.575,27400.549,.6093533,.24283995,.28962788,10.543497
2011,MEX,.56455076,.40132162,.000059689846,.0011039673,343625.19,342163.78,1145353.5,.66014856,.30031794,.22979763,14.213601
2011,MLT,.35117188,.46638846,.000021721673,.00018677728,5513.3154,6200.8027,9070.5146,.6777128,.39485261,.42518342,9.5876684
2011,NLD,.41088867,.46661356,3.0246954e-06,.00034852239,537108.19,446994.97,724100.06,.60430145,.3924354,.35441804,14.047581
2011,POL,.47509766,.49195138,.000013790324,-.0012976936,226830.7,223457.42,483953.94,.68427157,.34321958,.31438133,13.474125
2011,PRT,.53791505,.44851738,.0000315998,.00014595909,57468.406,78516.703,244026.63,.791116,.27894515,.26042452,12.616508
2011,ROU,.35039061,.33335215,7.7030236e-06,-.00062277634,54125.957,65697.234,191317.56,.7827208,.23907939,.26766741,12.410822
2011,RUS,0,.06093049,.000014698865,-.037437808,485518.25,362247.97,1578578.3,.28509203,.061930567,.17549953,14.540203
2011,RoW,.25810546,.24649641,.000048039747,-.00038892138,3197176,3484382.5,10981166,.73694879,.2100006,.24575387,16.467226
2011,SVK,.4144043,.51753253,.000011515064,.00066340802,62821.762,60670.238,92326.828,.65102476,.41957343,.39104602,11.952139
2011,SVN,.39726561,.42307466,.00001775794,-.00076445885,25313.641,25272.148,46939.156,.61640239,.36454636,.34977397,11.187926
2011,SWE,.43637696,.41681033,.000020089816,-.0019589164,249485,210863.16,470877.88,.56981635,.31875575,.29271796,13.487511
2011,TUR,.50676268,.37992546,9.0138019e-06,.0016261035,157020.39,233376.36,809932.38,.72102112,.22193924,.24135239,13.781905
2011,TWN,.37773436,.51886541,.000021734499,.00068885344,338208.69,293689.38,414900.31,.66585732,.47280994,.38996929,13.531965
2011,USA,.56279296,.29106486,.00014376802,-.0011824189,1841074.9,2398985.5,15719093,.78788716,.14915283,.13661519,16.681143
