Year;Country;Bending;Reuse;Variance;Covariance;Exports;Imports;Consumption;Max Flow Reuse;Min Flow Reuse;Leontief Reuse
2011;AUS;0.419140625;0.16265971;3.04E-06;-8.94E-04;326818.2303;304332.9675;1417152.109;0.524096204;0;0.13742872
2011;AUT;0.725097656;0.440867262;1.74E-06;1.74E-04;212266.7921;200016.4755;388543.0043;0.58561418;0.144304452;0.342098711
2011;BEL;0.763671875;0.541472401;3.10E-06;5.69E-04;371397.6322;349087.3259;474726.7746;0.654746416;0.296896614;0.459507855
2011;BGR;0.687109375;0.443134322;3.68E-06;6.63E-04;23898.36288;27470.14003;50675.84211;0.734292241;0.003054625;0.346733009
2011;BRA;0.552734375;0.178001325;6.48E-07;5.27E-04;294453.4472;299324.0937;2256495.43;0.636741103;1.98E-16;0.11892759
2011;CAN;0.562109375;0.25784649;6.25E-06;6.38E-04;518169.6417;514288.1929;1661648.036;0.535846015;2.82E-05;0.202291801
2011;CHN;0.675390625;0.259383755;5.40E-06;-0.004085817;2086189.164;1791452.591;7092210.467;0.687841716;0;0.215625662
2011;CYP;0.468457031;0.322619055;9.31E-06;0.00124611;4868.039618;9139.973984;27417.92984;0.811930061;0.06986272;0.260170007
2011;CZE;0.782421875;0.545172656;4.20E-06;2.95E-04;164829.4512;150593.0456;190373.2134;0.672459751;0.303555443;0.464547507
2011;DEU;0.692578125;0.339611891;2.16E-06;-2.21E-04;1602979.131;1304427.803;3191065.837;0.493943128;0.055322552;0.272405913
2011;DNK;0.704003906;0.429239543;7.72E-06;1.08E-04;159117.5198;136733.3268;284718.735;0.569939769;0.219866632;0.371451283
2011;ESP;0.750390625;0.401286422;4.07E-06;-1.84E-04;386533.8063;428282.5129;1489128.683;0.717805073;0.059844877;0.296912938
2011;EST;0.636328125;0.387885747;3.72E-06;-2.08E-04;11484.27458;10239.27787;19463.91954;0.564733164;0.118526351;0.327333053
2011;FIN;0.670703125;0.413612144;1.85E-05;-1.39E-04;104298.3073;102165.9118;243651.0059;0.68346646;0.071416041;0.344483824
2011;FRA;0.761328125;0.385191052;4.32E-06;-0.001119719;691459.8873;747139.6169;2732499.284;0.660706623;0.026564716;0.285164163
2011;GBR;0.574609375;0.264363611;1.58E-05;0.001411414;701475.354;715533.8121;2349654.854;0.539193626;0.051910958;0.215900123
2011;GRC;0.449609375;0.299665159;1.48E-05;9.92E-06;42560.67722;83517.59708;325848.2433;0.697436081;0.100825708;0.242687798
2011;HUN;0.727441406;0.548041407;3.72E-06;1.58E-04;114320.0183;105574.6004;124188.5895;0.672072389;0.26984073;0.459603214
2011;IDN;0.101464844;0.151033512;1.38E-05;1.50E-04;218789.1902;195968.7921;832968.3608;0.58322904;0.009255766;0.146286164
2011;IND;0.687109375;0.304987183;1.13E-05;0.001918613;338087.9502;376792.9026;1924106.619;0.791519019;0.049712604;0.216876982
2011;IRL;0.594140625;0.485519087;4.20E-06;-6.00E-04;217243.0228;164753.2891;159065.5884;0.576011141;0.320996331;0.445673452
2011;ITA;0.721582031;0.372168407;4.58E-06;0.00129611;596636.6742;621037.842;2123707.59;0.664998763;0.020822336;0.270620573
2011;JPN;0.710449219;0.241061697;5.51E-06;-8.12E-04;895486.5191;870637.1507;5878860.892;0.658377124;0;0.168416278
2011;KOR;0.710449219;0.459714014;6.24E-06;-8.07E-04;612792.9435;552991.8694;1025119.756;0.695927436;0.116539217;0.400779884
2011;LTU;0.630859375;0.420429161;7.11E-06;1.59E-04;20509.33022;21148.06832;40807.07873;0.594006457;0.145487925;0.334580236
2011;LUX;0.740917969;0.642013853;1.33E-05;-3.46E-04;90521.89744;72854.23506;40689.33736;0.671086151;0.535396481;0.612366964
2011;LVA;0.565234375;0.309142038;9.95E-07;8.42E-04;10529.41666;10985.57549;27400.54872;0.600806506;0.046885695;0.242839941
2011;MEX;0.644140625;0.362624632;1.71E-05;-0.001348526;343625.1902;342163.7755;1145353.47;0.58979143;0.148084668;0.300317941
2011;MLT;0.644140625;0.470099433;1.23E-05;-4.80E-04;5513.315561;6200.802788;9070.51505;0.655092772;0.210971262;0.394852609
2011;NLD;0.723925781;0.47292463;4.97E-06;8.46E-04;537108.2064;446994.9714;724100.0565;0.598312191;0.252809487;0.392435403
2011;POL;0.765234375;0.475937944;5.09E-06;9.58E-04;226830.7052;223457.4195;483953.9393;0.674977853;0.074023847;0.343219575
2011;PRT;0.694140625;0.38720963;2.39E-05;-0.00240699;57468.40432;78516.70144;244026.6302;0.75558934;0.010062929;0.278945159
2011;ROU;0.496582031;0.306430214;2.83E-06;2.68E-04;54125.95831;65697.23713;191317.5578;0.703208351;0.016361697;0.239079381
2011;RUS;0;0.065473614;1.28E-05;-0.032644951;485518.2353;362247.9682;1578578.256;0.279005526;2.40E-16;0.061930569
2011;RoW;0.447265625;0.238782114;1.70E-05;-8.43E-04;3197176.053;3484382.564;1.10E+07;0.657187164;0.017620345;0.210000598
2011;SVK;0.773828125;0.518087289;1.72E-06;-0.001183499;62821.76302;60670.23772;92326.82466;0.642568499;0.266001959;0.419573412
2011;SVN;0.705175781;0.436191324;3.16E-06;5.25E-04;25313.64123;25272.14827;46939.1557;0.604083325;0.213063441;0.364546356
2011;SWE;0.729199219;0.406519837;2.78E-06;-0.001421158;249485.0037;210863.157;470877.8886;0.561876267;0.08152869;0.318755745
2011;TUR;0.661328125;0.306223739;1.47E-05;-3.05E-04;157020.3959;233376.3548;809932.3592;0.680258757;0.018095416;0.221939242
2011;TWN;0.738574219;0.514873644;4.80E-06;-7.43E-04;338208.6779;293689.3705;414900.311;0.645883891;0.347865121;0.472809947
2011;USA;0.648828125;0.213881994;1.41E-05;-0.001232692;1841074.87;2398985.404;1.57E+07;0.772907939;0;0.149152827
2010;AUS;0.401171875;0.144670227;2.48E-06;4.95E-04;273733.2837;240089.8933;1205603.405;0.48166213;0;0.123095803
2010;AUT;0.719824219;0.417396475;1.87E-06;-6.14E-04;179111.3492;165293.9424;346888.5774;0.565483607;0.122633608;0.321555853
2010;BEL;0.749121094;0.514318759;2.28E-06;-5.82E-04;322584.6403;298178.2942;430450.2042;0.630731466;0.259430039;0.431960996
2010;BGR;0.687890625;0.444148842;4.18E-06;-0.002981107;21334.01389;24512.33355;45234.28786;0.73362043;0.003096145;0.346554669
2010;BRA;0.542578125;0.158030204;5.77E-07;-1.83E-05;232982.246;235979.0571;1970776.637;0.634507755;0;0.105465993
2010;CAN;0.574609375;0.260401031;7.30E-06;5.22E-04;449279.4349;456234.5499;1516270.046;0.547536123;1.30E-16;0.201949085
2010;CHN;0.687890625;0.254997908;4.63E-06;-5.97E-04;1743486.41;1433395.773;5687223.392;0.641251235;0;0.212360328
2010;CYP;0.469042969;0.322119668;9.27E-06;-1.98E-04;4524.51134;8483.884251;25474.10315;0.812071791;0.069831951;0.259531506
2010;CZE;0.790234375;0.539825592;5.38E-06;1.94E-04;136855.5518;126404.0674;175656.2894;0.679062385;0.277065795;0.451018069
2010;DEU;0.690234375;0.325408071;2.15E-06;5.77E-04;1391738.951;1107225.283;2890038.72;0.478738363;0.04570288;0.260715204
2010;DNK;0.697265625;0.411998929;1.02E-05;-4.67E-04;141872.7356;121416.0352;268067.5775;0.551182181;0.199985895;0.355394561
2010;ESP;0.736816406;0.378229412;4.15E-06;1.74E-04;322167.1716;380447.8297;1415886.44;0.742104805;0.017164204;0.273038446
2010;EST;0.637109375;0.386854613;3.75E-06;4.13E-06;9835.29309;8765.490445;16667.32175;0.563149326;0.118410023;0.326654486
2010;FIN;0.658203125;0.38811435;1.60E-05;-1.89E-04;93309.53474;86651.94404;214919.5371;0.641957492;0.075549603;0.326657534
2010;FRA;0.762109375;0.364484521;4.60E-06;0.004531417;609073.76;642703.1532;2512759.522;0.637918892;0.001004813;0.26799404
2010;GBR;0.562109375;0.250326557;1.32E-05;7.60E-04;617534.523;639541.134;2196081.211;0.53622084;0.039650686;0.203855764
2010;GRC;0.454980469;0.299445035;1.36E-05;-6.15E-04;42838.23783;83993.9386;327916.0453;0.697495424;0.099771738;0.241873273
2010;HUN;0.729199219;0.542786958;5.05E-06;-2.30E-04;97512.05486;90529.20677;113839.5867;0.67280486;0.272374103;0.454684593
2010;IDN;0.163623047;0.146933049;1.43E-05;3.93E-04;171667.8542;151155.0065;694385.8446;0.57087448;0.002927332;0.138054238
2010;IND;0.688671875;0.301161553;1.20E-05;0.001272284;308575.87;340763.4322;1685732.92;0.758246676;0.052046791;0.215248183
2010;IRL;0.574609375;0.477663055;3.88E-06;7.12E-04;197740.6452;152820.4045;155756.7128;0.583413081;0.295351426;0.437215001
2010;ITA;0.720996094;0.358007858;4.55E-06;-9.53E-05;514167.574;547652.1594;1985304.303;0.668583669;0.018335654;0.255375926
2010;JPN;0.719824219;0.216511828;4.79E-06;-4.99E-04;835356.3576;705549.5026;5269732.975;0.57001195;1.39E-16;0.149657414
2010;KOR;0.702246094;0.430877453;6.42E-06;-6.77E-05;519652.8568;461432.2107;926872.6196;0.674181339;0.065713075;0.374945747
2010;LTU;0.630859375;0.419558454;7.23E-06;4.63E-05;17525.20607;18058.36247;34859.21782;0.592546588;0.145394071;0.333979643
2010;LUX;0.740917969;0.641130224;1.14E-05;-1.60E-04;81066.96977;65248.17954;36435.42519;0.67028005;0.535490454;0.612009662
2010;LVA;0.561328125;0.30793932;8.66E-07;-4.24E-04;8957.404367;9340.76766;23306.68781;0.599769932;0.046845773;0.242588786
2010;MEX;0.669921875;0.367488311;2.00E-05;2.06E-04;286285.297;284403.5107;1018125.171;0.595934112;0.150983116;0.303423265
2010;MLT;0.644140625;0.469828305;1.23E-05;-6.47E-04;5036.950047;5661.191735;8285.117519;0.654715128;0.210770015;0.394568281
2010;NLD;0.714550781;0.458531576;4.47E-06;3.61E-04;468328.0082;391264.3343;675552.0279;0.593355264;0.231957161;0.376490222
2010;POL;0.762109375;0.452366765;5.26E-06;0.001910238;191581.3705;189481.4807;441430.5313;0.657039115;0.059533857;0.323684336
2010;PRT;0.694140625;0.380841707;2.33E-05;-5.20E-04;55295.9716;75499.76437;234728.4973;0.740502073;0.009793086;0.275257088
2010;ROU;0.496582031;0.307950209;2.29E-06;0.001085845;46919.0149;56910.10925;165828.8627;0.709351355;0.016366843;0.240206888
2010;RUS;0;0.055820802;9.23E-06;-0.027089917;371743.201;280014.1244;1275772.173;0.245323935;0;0.052917425
2010;RoW;0.509765625;0.285222868;1.94E-05;-9.45E-04;2870206.468;3275723.425;9265314.627;0.683526272;0.04557678;0.247427556
2010;SVK;0.772265625;0.515735882;1.66E-06;-3.52E-04;56957.86595;54970.30953;83690.37676;0.639451528;0.265596846;0.418342205
2010;SVN;0.705175781;0.435739561;3.20E-06;0.001641565;23731.53876;23681.74;43996.68174;0.603063096;0.212922551;0.364329212
2010;SWE;0.719824219;0.401593529;2.51E-06;-8.84E-04;212123.1098;178440.3976;400598.5239;0.558539222;0.084994401;0.316539819
2010;TUR;0.672265625;0.265954142;1.34E-05;-8.86E-04;129404.4005;178749.4805;740113.4652;0.628740635;0.006430993;0.190608034
2010;TWN;0.738574219;0.503462119;3.53E-06;-8.14E-04;311633.1065;268995.9397;383557.4358;0.636593302;0.325255843;0.462139393
2010;USA;0.624609375;0.189825841;1.19E-05;4.47E-04;1634458.3;2142527.401;1.51E+07;0.752667878;2.85E-16;0.134605457
2009;AUS;0.426171875;0.15247323;2.59E-06;1.51E-04;200696.4909;192821.0875;975694.9032;0.528823718;1.45E-16;0.126553119
2009;AUT;0.704003906;0.388553806;1.67E-06;4.50E-04;168010.1085;153419.2308;350168.2036;0.547553285;0.087949034;0.296557237
2009;BEL;0.738574219;0.483475512;2.16E-06;-8.31E-04;301037.7153;275136.1309;429727.4136;0.602500529;0.237272437;0.405520171
2009;BGR;0.687890625;0.442711901;4.25E-06;-0.003149084;21725.16391;24912.58947;46036.87923;0.730987724;0.003104764;0.345469464
2009;BRA;0.551171875;0.151327315;5.02E-07;4.90E-04;177168.1491;168974.3391;1509595.844;0.600629058;0;0.101678656
2009;CAN;0.574609375;0.263051177;7.28E-06;6.01E-04;377137.5456;381023.5274;1292959.13;0.540562779;0.003842803;0.206010524
2009;CHN;0.687890625;0.23104063;4.05E-06;-0.00182606;1333217.087;1048884.493;4748919.867;0.613727908;0;0.190490412
2009;CYP;0.470800781;0.322138143;9.19E-06;7.39E-04;4628.495071;8671.106144;26052.64997;0.812120327;0.06978858;0.259559269
2009;CZE;0.773828125;0.495529916;6.64E-06;-2.60E-04;121602.4112;110242.0218;172837.0679;0.643948243;0.239116013;0.412561652
2009;DEU;0.680859375;0.297403249;1.94E-06;0.001165178;1265888.368;1004959.191;2903952.935;0.453693906;0.018342489;0.237122447
2009;DNK;0.712207031;0.414617008;1.95E-05;2.88E-04;133160.8006;117439.9567;272647.0121;0.563561502;0.209895388;0.359182728
2009;ESP;0.738574219;0.339514023;3.80E-06;-4.64E-04;293688.1744;350325.2464;1483541.275;0.73529325;0.007477163;0.240296012
2009;EST;0.634765625;0.387341066;3.72E-06;-8.02E-04;9918.404045;8832.514306;16806.46791;0.564557626;0.118290363;0.326885576
2009;FIN;0.651171875;0.358800671;1.47E-05;0.001047382;87225.82517;79860.24615;216527.2193;0.61566149;0.050775373;0.301178927
2009;FRA;0.761328125;0.339505494;4.67E-06;-5.29E-04;564578.9427;595525.524;2561139.219;0.621217614;0.001066912;0.243325447
2009;GBR;0.530859375;0.226779547;9.00E-06;5.96E-04;572279.8217;577281.3172;2115434.042;0.518668718;0.031676528;0.186574144
2009;GRC;0.446484375;0.298657019;1.42E-05;2.00E-04;45928.47664;89996.06911;351589.0732;0.697464569;0.100447356;0.242147009
2009;HUN;0.714550781;0.515402611;2.54E-06;0.001351568;86121.6411;81386.0289;114323.0042;0.663564958;0.256699561;0.432612558
2009;IDN;0.244140625;0.149893085;1.26E-05;-0.001241553;130588.2704;109126.0964;527370.7819;0.544434205;0.005609597;0.135721693
2009;IND;0.716894531;0.322968095;1.44E-05;0.002333564;227253.9757;267974.3402;1367541.099;0.831390306;0.066049647;0.233035686
2009;IRL;0.590234375;0.472160393;6.27E-06;6.02E-04;195689.1157;154971.7878;174444.5014;0.585226015;0.272535575;0.428842539
2009;ITA;0.698144531;0.30308096;3.69E-06;0.001776567;467638.5561;476147.3121;2023016.841;0.615737965;0.008817802;0.21340031
2009;JPN;0.712792969;0.195090743;4.47E-06;-4.07E-04;640035.8933;569068.8024;4871828.105;0.581251025;3.64E-16;0.132789394
2009;KOR;0.703417969;0.418637014;8.47E-06;-0.001669649;407710.1967;352512.8733;765613.436;0.661889992;0.069822139;0.368048855
2009;LTU;0.630078125;0.418209602;7.45E-06;-5.11E-04;17787.7088;18317.81363;35394.60285;0.591096736;0.145081293;0.332904867
2009;LUX;0.740917969;0.641071662;1.33E-05;-6.03E-04;79204.17785;63756.89569;35605.47734;0.670465702;0.535516502;0.61173371
2009;LVA;0.559765625;0.306453834;8.58E-07;-4.58E-04;9650.080882;10057.26024;25106.5839;0.597487214;0.046783648;0.241682575
2009;MEX;0.680078125;0.352387148;2.37E-05;-6.73E-04;219208.2938;221336.6335;866632.2575;0.589483449;0.133299014;0.289590261
2009;MLT;0.659765625;0.471927391;9.94E-06;-7.84E-04;4978.867309;5595.790093;8187.350963;0.65430613;0.21061485;0.393690872
2009;NLD;0.698828125;0.426752902;3.85E-06;-0.001133975;431915.971;362207.7;694372.9374;0.581371611;0.19206216;0.346183672
2009;POL;0.750390625;0.412799116;4.96E-06;-0.002356565;165890.0608;158895.3922;406349.7512;0.619966151;0.051100418;0.289063818
2009;PRT;0.697265625;0.382051178;2.36E-05;-3.89E-04;56774.35462;77465.8001;241008.2465;0.74246384;0.009780785;0.275049176
2009;ROU;0.501855469;0.310431093;2.24E-06;-9.84E-04;46893.38914;56842.50005;165733.6942;0.710503988;0.016383067;0.240771555
2009;RUS;0;0.054074027;2.86E-06;-0.012742495;286686.3468;216665.4578;1066747.671;0.244352778;1.02E-16;0.053045049
2009;RoW;0.480175781;0.278844397;1.51E-05;1.00E-04;2360037.219;2797099.208;8143928.478;0.722813326;0.016401078;0.241312163
2009;SVK;0.773828125;0.515062796;1.65E-06;-6.95E-04;57239.25845;55238.94692;84099.72688;0.638341057;0.265560766;0.417747042
2009;SVN;0.705175781;0.434587847;3.25E-06;0.001354559;24932.81611;24863.44795;46213.1777;0.601295236;0.212662374;0.363544653
2009;SWE;0.708105469;0.387948048;4.74E-06;-6.93E-04;181913.1667;152138.6113;351008.9235;0.547625417;0.092625128;0.306906364
2009;TUR;0.662109375;0.243176629;1.20E-05;0.002321845;117814.3359;136836.0124;603881.3303;0.555010097;0.018511961;0.179539893
2009;TWN;0.729199219;0.462251098;4.88E-06;-8.59E-04;229938.5594;189322.1253;329049.4563;0.605960182;0.272959798;0.424338008
2009;USA;0.612109375;0.158048687;1.06E-05;0.001300687;1402113.705;1779776.512;1.45E+07;0.706197006;0;0.113753136
2008;AUS;0.524609375;0.195026796;3.36E-06;0.001450614;243242.166;223979.5048;984650.0011;0.520720864;0;0.157850659
2008;AUT;0.713378906;0.432015761;1.47E-06;5.30E-04;218578.1557;197448.3131;376966.8535;0.569666239;0.152464417;0.34038804
2008;BEL;0.762109375;0.54384812;2.48E-06;0.001143156;375094.153;354991.5251;470776.1657;0.657479503;0.296725019;0.461207012
2008;BGR;0.699609375;0.54552084;3.88E-06;4.01E-04;28533.01439;37860.24387;54463.69157;0.825112761;0.160257295;0.439233083
2008;BRA;0.590234375;0.193399563;1.32E-06;7.21E-04;225925.7872;211376.0239;1528972.504;0.639031859;2.58E-16;0.130192171
2008;CAN;0.587890625;0.279209718;9.44E-06;-0.001693952;511222.8189;465299.2361;1411603.129;0.503976542;0.024872924;0.225302858
2008;CHN;0.698828125;0.269521428;4.37E-06;-9.09E-04;1581532.916;1165162.304;4158318.537;0.593421731;0;0.225737144
2008;CYP;0.461425781;0.379114442;1.48E-05;0.001140122;5147.430495;11415.83903;29352.52589;0.85147537;0.071124532;0.302124485
2008;CZE;0.787890625;0.537379079;1.08E-05;-5.84E-04;160845.9207;149210.1479;201160.0176;0.681784123;0.292711815;0.455293616
2008;DEU;0.694140625;0.337924027;1.74E-06;-0.001070418;1671979.628;1323009.708;3129273.033;0.485368717;0.071752747;0.275408935
2008;DNK;0.706347656;0.449629257;8.85E-06;2.19E-04;172483.9355;156527.1215;302105.1031;0.596557913;0.226379723;0.387573734
2008;ESP;0.750390625;0.410113959;4.59E-06;-0.00605102;366573.1715;483950.5663;1659682.139;0.823843205;0.036372145;0.293423698
2008;EST;0.637890625;0.441775054;6.24E-06;-3.36E-04;13084.97261;13935.87985;23128.26153;0.642136036;0.143399697;0.374614161
2008;FIN;0.655078125;0.398073248;1.55E-05;-5.65E-05;123398.0186;108837.9628;241733.9676;0.624132891;0.092985842;0.340189626
2008;FRA;0.755859375;0.372147004;5.57E-06;0.003446976;704818.8809;745498.9186;2765315.165;0.652778128;0.004674549;0.277751097
2008;GBR;0.551171875;0.245464853;1.16E-05;7.51E-04;737461.6494;748582.5061;2594315.153;0.542105555;0.033760809;0.199897596
2008;GRC;0.476074219;0.355256981;1.11E-05;-5.70E-04;60927.84465;115536.1327;380873.2623;0.694156852;0.117051421;0.293649853
2008;HUN;0.738574219;0.574800415;5.48E-06;-8.96E-04;116244.7175;116238.9654;146158.4999;0.719512541;0.308700648;0.48055892
2008;IDN;0.201171875;0.182261505;1.20E-05;2.33E-04;150603.2965;137567.5178;506276.7685;0.579656121;0;0.16761508
2008;IND;0.647265625;0.30711973;1.26E-05;-8.31E-04;259622.8954;294846.6858;1329637.334;0.813878398;0.034845816;0.219015465
2008;IRL;0.576171875;0.46458649;4.50E-06;7.86E-05;213772.9474;181990.3628;219650.3349;0.590779285;0.237798593;0.420952476
2008;ITA;0.730957031;0.356258194;3.80E-06;0.001102573;620446.2325;633477.9623;2211442.792;0.659030178;3.75E-16;0.2555083
2008;JPN;0.712792969;0.25543058;8.00E-06;-0.003423464;861051.1597;782839.9845;4735979.682;0.656591936;2.70E-16;0.180821719
2008;KOR;0.713378906;0.47591487;7.84E-06;3.99E-04;495057.2989;473784.9223;898678.9557;0.741179976;0.124501562;0.416253176
2008;LTU;0.653515625;0.493977909;5.61E-06;-3.47E-04;24346.73257;29376.43802;49922.23486;0.69949463;0.181585009;0.393175262
2008;LUX;0.740332031;0.646130592;1.28E-05;5.05E-04;90750.60586;74058.07531;39493.36841;0.673348653;0.545409122;0.616664065
2008;LVA;0.576171875;0.36487892;3.16E-06;5.36E-04;12076.11245;16280.53567;36267.06761;0.761973623;0.064506312;0.287890147
2008;MEX;0.653515625;0.356993913;2.66E-05;-4.05E-04;284015.8771;294482.5077;1106151.834;0.623174662;0.104492242;0.288145793
2008;MLT;0.665234375;0.522407009;7.17E-06;3.12E-04;5961.310997;6853.357676;8970.689386;0.688240985;0.242524607;0.437821438
2008;NLD;0.706347656;0.448174489;4.57E-06;2.92E-04;527855.1144;438605.7237;751489.3769;0.586158946;0.224412043;0.370869016
2008;POL;0.762109375;0.457398228;5.88E-06;0.002593429;213238.2919;225277.3744;520890.1697;0.694084727;0.055156125;0.326407507
2008;PRT;0.692578125;0.436821024;2.61E-05;-3.49E-04;72611.11583;100750.8945;265071.77;0.779899415;0.078784558;0.329919186
2008;ROU;0.532421875;0.360286578;5.17E-06;9.33E-05;60280.25;86273.89949;220896.9062;0.770872556;0.012993759;0.279602536
2008;RUS;0;0.072595999;6.95E-06;-0.021659355;424573.452;322083.9598;1409500.772;0.307071686;0;0.071086302
2008;RoW;0.437109375;0.288863383;2.49E-05;2.19E-04;3336283.803;3569753.91;8519423.886;0.655816052;0.080884315;0.259637496
2008;SVK;0.780859375;0.569090133;1.16E-06;8.67E-04;73507.38015;72874.14163;92710.24796;0.691115906;0.310660661;0.466144171
2008;SVN;0.716308594;0.488301119;5.48E-06;-2.27E-04;32166.34057;34397.05637;54070.79185;0.649847012;0.254356922;0.411504119
2008;SWE;0.708105469;0.418367129;3.87E-06;-8.79E-04;248132.5955;208723.9229;424529.6259;0.568439953;0.118565946;0.336211388
2008;TUR;0.662890625;0.299071602;1.57E-05;-7.07E-04;147548.2991;192754.4439;746949.6903;0.670437382;0.036224237;0.223346952
2008;TWN;0.749707031;0.529995936;7.29E-06;0.001104499;288769.5137;258045.0856;364682.366;0.674098242;0.353873539;0.486292293
2008;USA;0.637890625;0.20960332;1.35E-05;-0.001494823;1641838.639;2337644.785;1.51E+07;0.847093315;0;0.15106355
2007;AUS;0.512109375;0.192129033;3.14E-06;0.001828811;195359.1986;203614.1455;916600.6632;0.573474889;0;0.152054336
2007;AUT;0.712207031;0.42708997;9.12E-07;2.40E-04;194688.0976;174264.314;338807.9358;0.557703818;0.147080984;0.333086373
2007;BEL;0.752734375;0.511376021;2.31E-06;9.10E-04;324688.8369;292889.7922;411351.6355;0.620308499;0.26957755;0.43365764
2007;BGR;0.708105469;0.555799306;3.13E-06;-0.001147056;23672.7994;30675.4327;44046.72969;0.835251952;0.147514775;0.44449452
2007;BRA;0.609765625;0.179930036;2.60E-06;-7.68E-04;182673.1338;153431.6348;1253047.484;0.563931335;3.19E-16;0.118646908
2007;CAN;0.634765625;0.292264854;1.24E-05;-7.80E-04;479760.7026;429994.4633;1321415.959;0.495930366;0.061537562;0.232982957
2007;CHN;0.698144531;0.289550988;4.55E-06;0.001238417;1342004.109;973630.8358;3176598.337;0.592742742;0;0.245134214
2007;CYP;0.459082031;0.353034015;7.20E-06;9.57E-04;4611.579024;9632.783878;24877.60279;0.808623626;0.076807695;0.28212292
2007;CZE;0.784765625;0.535481185;9.77E-06;-0.001213954;133682.1416;123846.6438;160249.1942;0.675009607;0.299242702;0.459058924
2007;DEU;0.676171875;0.324858799;2.46E-06;5.02E-04;1510355.823;1170974.864;2835592.011;0.471246971;0.058186669;0.266843455
2007;DNK;0.680859375;0.427249609;6.74E-06;4.51E-04;147311.5726;135452.416;274629.126;0.593868204;0.197900888;0.367050465
2007;ESP;0.740332031;0.403319007;4.59E-06;3.26E-04;334952.8747;453611.8549;1494496.884;0.815443181;0.023474699;0.291960825
2007;EST;0.634765625;0.455431946;1.14E-05;-7.07E-04;11380.25569;13466.35096;22206.61889;0.682703565;0.128242573;0.381138057
2007;FIN;0.656640625;0.385122834;1.51E-05;-3.60E-04;109319.493;92552.16894;215165.8067;0.595024864;0.080633178;0.326039414
2007;FRA;0.769921875;0.367995033;2.69E-06;2.38E-06;636358.9652;660250.9988;2489622.856;0.63059036;0.001105816;0.266700526
2007;GBR;0.556640625;0.230046308;9.00E-06;-7.75E-06;703544.6465;729681.2552;2728347.992;0.54562023;0.001520825;0.18139729
2007;GRC;0.483105469;0.338638073;1.26E-05;-0.001064057;51368.76767;98724.66465;337117.1799;0.70050915;0.111112145;0.27999066
2007;HUN;0.736816406;0.572896802;6.32E-06;1.95E-04;103086.9679;101586.1914;127523.6816;0.71303518;0.319507476;0.482467199
2007;IDN;0.251025391;0.176805769;6.72E-06;1.68E-04;125466.0794;102583.4474;415640.8274;0.547340823;0.003569616;0.159944902
2007;IND;0.605859375;0.293093975;1.44E-05;0.001455339;242725.1209;268350.444;1204681.997;0.821608157;0.027289572;0.210978081
2007;IRL;0.577734375;0.447020185;5.72E-06;4.26E-04;202338.865;171829.4849;215565.3852;0.574755887;0.214353848;0.40626232
2007;ITA;0.722753906;0.349528443;1.77E-06;2.83E-04;574777.8683;577897.9514;2017936.921;0.647323085;0;0.250743305
2007;JPN;0.680859375;0.212918775;5.72E-06;0.002168256;772058.4799;639123.6429;4201592.766;0.56713956;1.51E-16;0.153177243
2007;KOR;0.706933594;0.401041013;6.53E-06;-6.91E-05;436228.1594;385382.9787;966246.3363;0.667522744;0.029068111;0.342133891
2007;LTU;0.577734375;0.403070805;3.53E-06;0.001154253;17519.47616;22277.30432;41775.60354;0.620050238;0.071244218;0.316850193
2007;LUX;0.739746094;0.641892945;1.47E-05;-3.47E-04;79144.18051;64671.50393;34660.91308;0.666947897;0.546241185;0.612541646
2007;LVA;0.607421875;0.407698062;7.35E-06;4.68E-05;10035.70747;15338.7995;32441.6419;0.837861552;0.037504898;0.304406079
2007;MEX;0.662890625;0.367169125;2.35E-05;-3.98E-04;275760.1254;277634.0123;1022320.781;0.616835161;0.111820577;0.295084692
2007;MLT;0.684765625;0.537050905;1.25E-05;-2.40E-04;5320.752546;6223.194436;7877.482005;0.696769887;0.266150527;0.45490178
2007;NLD;0.711621094;0.434562765;4.02E-06;-7.54E-04;436276.723;357993.6781;671502.0484;0.573827602;0.187223026;0.350444733
2007;POL;0.771484375;0.462363753;4.92E-06;8.66E-05;174806.1503;179302.8797;409328.4076;0.678583358;0.065317711;0.328091374
2007;PRT;0.702832031;0.415535765;2.33E-05;0.001401784;66247.69671;87100.15225;237321.0979;0.736345565;0.063048155;0.313760383
2007;ROM;0.552734375;0.35980746;3.38E-06;0.001126297;48894.8001;71798.65765;183822.8713;0.77809911;0.009826765;0.275519225
2007;RUS;0;0.070895237;4.65E-06;-0.018309421;326695.756;241530.2946;1095176.217;0.302871688;8.91E-17;0.069088692
2007;RoW;0.466699219;0.318487808;1.95E-05;-8.41E-04;2656330.434;3029337.422;7159128.051;0.696685522;0.084875949;0.279896104
2007;SVK;0.784765625;0.57684082;1.24E-06;-0.001269825;61061.86256;59368.93889;71808.75604;0.684168023;0.324068159;0.47508744
2007;SVN;0.718066406;0.498130772;5.55E-06;2.34E-04;29219.03958;30342.35997;45911.44536;0.648076182;0.2702853;0.421514231
2007;SWE;0.698828125;0.399149251;3.45E-06;-2.05E-04;226789.4311;186026.5539;395724.2387;0.548483341;0.095385743;0.318748222
2007;TUR;0.699609375;0.3904722;1.69E-05;0.001428845;119530.0192;164454.8311;661962.7371;0.902769639;0.048775182;0.293826693
2007;TWN;0.738574219;0.49814584;4.66E-06;-7.34E-04;277126.0254;235846.0433;346764.229;0.633206128;0.31499064;0.457433288
2007;USA;0.622265625;0.184026931;1.26E-05;-0.001677896;1530925.436;2161402.767;1.48E+07;0.798645257;0;0.132757418
2006;AUS;0.501171875;0.18007033;2.62E-06;3.82E-04;161914.495;161775.1452;752184.1999;0.543225015;3.59E-16;0.143083488
2006;AUT;0.703417969;0.422213553;8.58E-07;-6.15E-05;162637.1985;147182.4964;295069.567;0.562443312;0.137911516;0.327986395
2006;BEL;0.750390625;0.501000546;2.34E-06;-5.07E-04;273343.0274;246146.9154;358061.2172;0.612614013;0.25711263;0.423014701
2006;BGR;0.565234375;0.396296752;5.91E-06;5.59E-04;18922.04324;20576.42681;33643.70384;0.653482103;0.08864157;0.336119289
2006;BRA;0.619140625;0.17675002;9.96E-07;-0.001888584;156508.0797;118387.9986;984053.3086;0.516593652;0;0.117209123
2006;CAN;0.634765625;0.297363457;1.35E-05;-3.91E-04;447523.3019;394786.2173;1184180.121;0.495135006;0.067200976;0.238937309
2006;CHN;0.687890625;0.298192217;3.94E-06;-4.89E-04;1061578.033;802127.7392;2494241.457;0.603918659;1.10E-16;0.252393963
2006;CYP;0.415234375;0.319611407;8.62E-06;1.80E-04;3796.769611;7593.469819;20693.4201;0.78355533;0.059142193;0.257054272
2006;CZE;0.774609375;0.531946366;1.12E-05;6.61E-04;103876.1789;98543.67883;133873.0892;0.693963588;0.278509782;0.452627188
2006;DEU;0.676171875;0.31991668;2.52E-06;3.04E-04;1258715.061;1003709.303;2533327.862;0.472494931;0.042642909;0.26001981
2006;DNK;0.665234375;0.410083928;5.46E-06;6.34E-04;128101.8201;115795.4626;239265.2004;0.573669;0.192524726;0.353571713
2006;ESP;0.743261719;0.399142967;4.90E-06;-3.75E-05;278285.2035;377946.4714;1274467.413;0.808208752;0.021163943;0.286201046
2006;EST;0.681640625;0.506494756;1.41E-05;-2.18E-04;10009.09309;11651.08475;17377.31332;0.691804442;0.210960472;0.431947219
2006;FIN;0.668359375;0.388334546;1.39E-05;9.02E-04;91424.99485;78162.40609;181962.5975;0.59653464;0.087446552;0.328793011
2006;FRA;0.765234375;0.35919858;2.65E-06;0.00160243;559843.158;569438.3537;2159155.348;0.618236804;0.001108992;0.261993482
2006;GBR;0.561328125;0.23257715;8.18E-06;-2.87E-04;607572.728;632001.0534;2374981.888;0.546242846;0.005388017;0.183388355
2006;GRC;0.506640625;0.347107386;1.81E-05;-3.59E-04;43661.84456;80437.73353;284219.461;0.708476738;0.11990465;0.284884437
2006;HUN;0.726855469;0.571144125;6.76E-06;-3.14E-04;81417.62973;83013.07791;107885.9051;0.729105555;0.306510673;0.478088696
2006;IDN;0.226171875;0.179005337;6.76E-06;1.65E-04;112559.6435;88144.22068;346386.8483;0.542432477;1.29E-16;0.164519148
2006;IND;0.609765625;0.293832195;1.45E-05;-4.02E-04;198123.9461;213375.1781;947707.174;0.802019689;0.024255954;0.210025762
2006;IRL;0.569921875;0.452175671;8.74E-06;9.62E-05;170932.3684;143958.7545;184763.8997;0.575177601;0.219639603;0.410772653
2006;ITA;0.713378906;0.343736181;2.10E-06;5.79E-04;481657.0084;496999.2749;1785815.553;0.656397334;1.21E-16;0.245164549
2006;JPN;0.675390625;0.197971096;5.57E-06;-2.48E-04;703104.2922;591311.6427;4219379.611;0.560576048;1.66E-16;0.139810345
2006;KOR;0.707519531;0.393230802;7.04E-06;1.76E-04;373619.0858;331011.0018;877018.3522;0.670538894;0.024936308;0.333172641
2006;LTU;0.615234375;0.459266511;4.81E-06;0.001232795;14802.12922;17761.9081;31585.99848;0.670689181;0.142743479;0.362798012
2006;LUX;0.740917969;0.63668955;6.40E-06;-4.12E-04;62816.27418;51665.70727;29456.55803;0.664308745;0.535305667;0.604711494
2006;LVA;0.592578125;0.411459009;6.57E-06;-1.75E-06;7471.602852;11386.66725;22715.14989;0.833993656;0.042190393;0.318718123
2006;MEX;0.680859375;0.373669893;2.44E-05;2.75E-05;251495.907;250118.9876;936424.5229;0.618918217;0.117990107;0.299686493
2006;MLT;0.706347656;0.549145736;9.98E-06;7.99E-05;4339.149206;5158.88791;6760.322517;0.705231779;0.280091528;0.463000003
2006;NLD;0.705175781;0.437747889;2.86E-06;7.68E-04;374203.8326;309369.2565;583072.1271;0.583977359;0.183276214;0.351201771
2006;POL;0.768359375;0.461503214;4.57E-06;6.21E-04;137120.5862;137410.6117;324890.1688;0.682825541;0.057714125;0.327083457
2006;PRT;0.702832031;0.422753879;2.65E-05;9.40E-04;55476.36593;74631.97354;204838.9317;0.759394613;0.069090496;0.318229401
2006;ROM;0.562109375;0.378613517;3.23E-06;0.001784396;38170.10389;52856.4065;130244.6213;0.780414222;0.031415206;0.293093803
2006;RUS;0;0.072762707;2.12E-06;-0.009121964;285063.8968;177506.7717;790493.0853;0.266234467;0;0.072254751
2006;RoW;0.464355469;0.30944131;1.98E-05;-4.52E-04;2317531.535;2481827.597;5955605.491;0.667646338;0.082108882;0.272470112
2006;SVK;0.768359375;0.576705992;1.13E-06;0.001013533;44573.17286;45020.04974;55318.99913;0.694311396;0.32986989;0.482703689
2006;SVN;0.716894531;0.48856148;4.85E-06;0.001023104;23592.17262;24089.40385;37343.71449;0.630765288;0.270055745;0.415548482
2006;SWE;0.690234375;0.38830006;4.13E-06;7.38E-04;192960.4107;155369.5668;339603.985;0.536464839;0.098555689;0.312474391
2006;TUR;0.690234375;0.382017747;1.47E-05;8.76E-04;96586.47947;135671.4078;541456.0242;0.89913914;0.037204461;0.283755713
2006;TWN;0.740917969;0.500782033;8.40E-06;-7.96E-04;250928.0039;218687.4562;336705.3722;0.644167576;0.308762453;0.457964733
2006;USA;0.622265625;0.183310682;1.69E-05;-0.001742341;1348900.289;2032551.149;1.41E+07;0.849245033;1.73E-16;0.131557182
2005;AUS;0.469628906;0.168203115;2.37E-06;1.07E-04;149343.2116;151441.7044;705959.6092;0.541430119;1.95E-16;0.134402764
2005;AUT;0.688671875;0.410016083;8.72E-07;8.23E-04;144305.813;133793.8766;280198.4041;0.563443756;0.122995548;0.317055477
2005;BEL;0.739746094;0.483679589;2.05E-06;-3.32E-04;247065.8033;221153.7766;336740.7142;0.599118367;0.24093719;0.406478952
2005;BGR;0.697265625;0.445600391;3.77E-06;-9.53E-04;10701.97598;14190.52867;28482.75557;0.782817852;0.006849776;0.343340911
2005;BRA;0.613671875;0.17691794;2.11E-06;8.27E-05;134029.7983;96807.00422;795202.7075;0.50389588;0;0.11883583
2005;CAN;0.624609375;0.294672393;1.32E-05;9.81E-04;416185.0884;355455.4604;1037155.284;0.484758585;0.068596127;0.237447347
2005;CHN;0.687890625;0.306685715;4.60E-06;-0.001429787;836718.7886;670058.922;2123614.431;0.627764386;0;0.256552815
2005;CYP;0.328417969;0.276130798;1.14E-05;-6.27E-04;3450.090408;6664.356065;18862.99939;0.72492667;0.036368024;0.223483231
2005;CZE;0.759765625;0.509254503;1.04E-05;-4.81E-04;85928.97309;81433.61113;116670.2456;0.676396195;0.252565941;0.43222424
2005;DEU;0.672265625;0.303977402;2.93E-06;-0.001134945;1095999.953;865640.0655;2427501.142;0.466351992;0.00478334;0.241755883
2005;DNK;0.649609375;0.379564577;4.22E-06;5.54E-04;112538.8377;96932.12861;220830.0162;0.546390565;0.161797701;0.324700878
2005;ESP;0.723925781;0.367491426;6.24E-06;0.001055454;245985.9206;326928.6788;1156846.424;0.775728026;0.003741184;0.263811771
2005;EST;0.565234375;0.41737404;2.66E-06;6.84E-04;8210.894293;9115.805581;14990.55825;0.67081625;0.093375424;0.360297491
2005;FIN;0.644140625;0.370241559;1.15E-05;-0.001284731;79071.61067;68175.82698;173329.6695;0.608658263;0.029961745;0.303609531
2005;FRA;0.762109375;0.345160186;2.15E-06;9.06E-04;517609.7627;517951.354;2035951.204;0.600179926;0.001098825;0.247703216
2005;GBR;0.562109375;0.225852139;7.57E-06;1.80E-04;547244.8031;574998.7474;2219255.48;0.544550014;0.006288086;0.177003467
2005;GRC;0.530859375;0.319627099;1.20E-05;2.01E-04;37936.24852;68675.0827;258633.0638;0.723696449;0.116605638;0.257087739
2005;HUN;0.736816406;0.554070102;6.98E-06;1.32E-05;67510.23954;70392.29691;105698.1457;0.731510134;0.263403825;0.452182247
2005;IDN;0.248828125;0.205845597;9.02E-06;-3.25E-04;93886.81929;78243.84573;264891.8244;0.557609739;9.05E-04;0.187859229
2005;IND;0.640234375;0.283804495;1.39E-05;0.001638096;157727.974;169922.1163;838895.0979;0.776738073;0.034796169;0.20094783
2005;IRL;0.594140625;0.464078366;6.04E-06;-0.00106658;159911.9322;131133.9243;162039.9478;0.575129848;0.244437168;0.420707934
2005;ITA;0.711621094;0.313894871;2.11E-06;-8.36E-04;428302.3203;429718.5444;1692797.135;0.620706907;0;0.22145959
2005;JPN;0.674609375;0.169001289;3.75E-06;8.67E-04;653686.588;530733.0927;4424927.229;0.515923251;1.78E-16;0.117328446
2005;KOR;0.703417969;0.381995336;6.34E-06;-0.002255908;327944.6507;281709.8086;770938.5109;0.650565738;0.015846998;0.321637831
2005;LTU;0.612890625;0.457611645;4.58E-06;-0.001044101;12539.70727;14441.40511;26710.88807;0.678196524;0.140587403;0.357876458
2005;LUX;0.723925781;0.625624272;1.49E-05;7.50E-04;49834.59819;42511.94892;28334.21382;0.661575131;0.511244188;0.588739444
2005;LVA;0.527734375;0.367286595;8.02E-06;0.001117617;6561.422502;8617.061831;17242.57643;0.715621276;0.05520339;0.299379237
2005;MEX;0.680859375;0.375591078;2.38E-05;5.86E-04;218309.8839;219826.5499;835482.2187;0.630905648;0.116206004;0.298955374
2005;MLT;0.700488281;0.527547314;4.85E-06;1.69E-04;3577.497993;4367.586186;6362.616866;0.689794863;0.24274909;0.428601328
2005;NLD;0.702246094;0.423871561;1.70E-06;-3.26E-04;341871.7647;276263.2219;544249.124;0.568431636;0.164683203;0.336446495
2005;POL;0.763671875;0.432865575;4.15E-06;5.85E-04;112144.8791;109753.1605;286047.1981;0.651915893;0.041560932;0.301731062
2005;PRT;0.702246094;0.414578667;2.87E-05;-9.82E-04;46689.04651;66279.3469;193276.4583;0.789178106;0.055283049;0.307053503
2005;ROM;0.551171875;0.374229882;4.03E-06;9.74E-04;31153.80005;41395.48746;103750.5049;0.768315146;0.043655445;0.295490925
2005;RUS;0;0.076250401;2.45E-06;-0.011914749;226895.3392;137665.4329;602804.6969;0.269719391;1.28E-16;0.075331293
2005;RoW;0.477832031;0.315713544;1.45E-05;1.19E-04;2014786.557;2135585.955;5170812.425;0.660799523;0.087391281;0.275391155
2005;SVK;0.778515625;0.567312863;7.98E-07;-4.11E-04;34796.84523;35572.90982;47250.08439;0.691539059;0.280418554;0.457296357
2005;SVN;0.720996094;0.4838104;3.10E-06;-1.35E-04;20166.8375;20708.97728;34224.5572;0.635984632;0.244355408;0.4032358
2005;SWE;0.687890625;0.377305397;3.21E-06;-0.001408573;170943.4248;136436.2423;315517.0868;0.530753629;0.077508862;0.300767998
2005;TUR;0.690234375;0.353232115;1.23E-05;0.001768875;83868.93611;112728.1829;484176.3271;0.86452151;0.017277392;0.25721145
2005;TWN;0.727441406;0.477741461;6.33E-06;4.29E-04;226720.5559;200893.3283;332014.8974;0.630029192;0.266656696;0.435079174
2005;USA;0.612109375;0.172254705;1.54E-05;9.68E-04;1187011.403;1834853.242;1.33E+07;0.859067429;0;0.124238175
2004;AUS;0.487207031;0.16798324;1.92E-06;0.001274289;122754.2931;131595.5837;638026.842;0.56741079;2.37E-16;0.129948892
2004;AUT;0.686328125;0.402774468;1.19E-06;-7.61E-04;132051.9312;122693.6605;268179.0542;0.55912557;0.112607212;0.308800093
2004;BEL;0.736230469;0.472704958;3.21E-06;-4.44E-04;238705.535;210429.4954;318086.889;0.583912118;0.227129762;0.396814382
2004;BGR;0.677734375;0.484828134;2.73E-06;7.98E-04;12285.3479;14474.40256;24816.00304;0.744053001;0.092750311;0.383243862
2004;BRA;0.612109375;0.18947693;9.34E-07;5.04E-04;109195.0044;79039.97251;594867.2648;0.516683294;0;0.128873409
2004;CAN;0.647265625;0.307212939;1.44E-05;-0.001586111;374927.4476;315849.235;901906.7452;0.481237317;0.081112318;0.246275086
2004;CHN;0.675390625;0.307522039;5.20E-06;-7.08E-04;655829.1043;570738.9175;1874275.607;0.661348955;0;0.252505238
2004;CYP;0.444140625;0.337749765;4.83E-06;-1.02E-04;3349.81154;6384.311379;17609.64591;0.78472972;0.06693259;0.263571317
2004;CZE;0.745605469;0.503143325;7.56E-06;-7.30E-05;73695.66953;72308.16099;105369.9903;0.688322118;0.22076003;0.423831236
2004;DEU;0.662109375;0.285767094;2.90E-06;0.00227329;1007507.328;789020.3602;2400220.703;0.452606162;0.003963583;0.225864731
2004;DNK;0.647265625;0.349864759;3.41E-06;-0.001165619;98085.01848;83296.90795;210178.0645;0.513591946;0.128196613;0.293430005
2004;ESP;0.716894531;0.355223921;7.22E-06;2.13E-04;229314.2113;293693.9717;1060553.813;0.749553792;0.007857512;0.255726979
2004;EST;0.478417969;0.364541033;5.71E-06;-8.50E-04;6843.58027;7725.704456;13743.95698;0.634957383;0.062032714;0.320150084
2004;FIN;0.634765625;0.329431014;1.03E-05;-2.77E-04;73102.30616;58277.79212;163067.8901;0.545947919;0.003412321;0.269885669
2004;FRA;0.759765625;0.330341711;2.00E-06;-0.001474406;492932.3635;476344.714;1940223.45;0.572500944;0.001224884;0.236313449
2004;GBR;0.569140625;0.22760705;7.44E-06;-6.07E-04;523620.7349;534548.962;2126650.371;0.528645005;0.004410922;0.175251356
2004;GRC;0.580859375;0.34835295;1.29E-05;0.001653353;36579.13591;67830.34452;248425.6736;0.745557636;0.150477202;0.275845457
2004;HUN;0.738574219;0.558022522;8.62E-06;-0.00135576;59362.41073;63431.1062;99662.08597;0.746100146;0.254867156;0.447389207
2004;IDN;0.350488281;0.217798364;6.90E-06;-5.53E-04;81394.0513;65882.07952;240366.6582;0.569241432;4.45E-04;0.191124239
2004;IND;0.611328125;0.254002469;1.58E-05;-3.51E-04;123820.2274;128122.5434;708167.6172;0.773294629;0;0.176258167
2004;IRL;0.575390625;0.455256401;6.02E-06;-4.08E-04;149748.2216;117771.7068;143662.2598;0.562965935;0.250076765;0.417386306
2004;ITA;0.703417969;0.294112254;1.75E-06;-0.001800109;405297.4032;395652.8785;1635604.327;0.589337898;0;0.206571187
2004;JPN;0.674609375;0.149242774;2.55E-06;3.62E-04;613148.2821;467719.9779;4425185.753;0.471448278;0;0.102220342
2004;KOR;0.694140625;0.37212683;5.73E-06;-0.002227562;289120.5062;240516.6253;645864.9236;0.618557461;0.01500619;0.314328393
2004;LTU;0.625390625;0.446999008;5.04E-06;-8.14E-04;9118.868481;11091.37238;23135.27042;0.709080094;0.070192295;0.330272946
2004;LUX;0.720996094;0.625789003;1.40E-05;-3.76E-04;44264.24514;38409.27131;26388.79595;0.660199483;0.515533056;0.589995087
2004;LVA;0.536328125;0.373156355;1.34E-05;-2.59E-04;5203.754617;7141.454545;15031.29354;0.74706608;0.06393939;0.303808411
2004;MEX;0.698828125;0.396743517;2.58E-05;-3.87E-04;191138.682;195191.5168;750282.168;0.648554326;0.134718101;0.315686225
2004;MLT;0.720996094;0.540787333;5.82E-06;-4.91E-04;3345.340328;4078.394403;5999.811674;0.689908712;0.26133465;0.439348396
2004;NLD;0.693359375;0.411447817;1.38E-06;2.23E-04;313839.401;257878.8567;526815.1923;0.565544439;0.145575832;0.324721213
2004;POL;0.769140625;0.443749163;3.06E-06;-0.002054555;93780.53402;95764.78369;243967.3979;0.667289247;0.046470927;0.308786347
2004;PRT;0.701074219;0.401689764;2.74E-05;-0.001234665;45584.91134;62850.10139;185917.629;0.751907328;0.061463575;0.299349362
2004;ROM;0.577734375;0.386094899;3.78E-06;8.75E-04;25567.90899;32323.28029;78975.46108;0.731259402;0.070508399;0.306746477
2004;RUS;0;0.078440729;1.03E-06;-0.003495951;174985.6288;108093.6759;475425.8489;0.276565336;8.32E-17;0.07884248
2004;RoW;0.483105469;0.3226955;1.06E-05;-3.72E-05;1623206.219;1798467.07;4532294.079;0.688264761;0.082566819;0.277563731
2004;SVK;0.774609375;0.559828192;8.91E-07;8.94E-04;30296.91382;30326.50434;40971.95106;0.689405537;0.280507482;0.455957216
2004;SVN;0.712792969;0.470612247;3.52E-06;-8.50E-04;18044.29174;18654.9436;32350.07267;0.635768282;0.215381082;0.387952557
2004;SWE;0.684765625;0.361927766;2.80E-06;-4.88E-04;159190.8794;123953.5382;306333.1502;0.514554291;0.066746674;0.285962071
2004;TUR;0.684765625;0.351171357;1.24E-05;-9.50E-04;71898.7902;93903.93828;390403.117;0.83272635;0.026945008;0.258903803
2004;TWN;0.721582031;0.468025125;5.92E-06;2.85E-04;206297.2075;185090.7715;311310.3533;0.623213363;0.243226966;0.422809573
2004;USA;0.609765625;0.161931056;1.45E-05;-5.66E-04;1073132.507;1624997.121;1.25E+07;0.814609023;2.17E-16;0.115918987
2003;AUS;0.524609375;0.167151338;1.29E-06;7.44E-04;95572.91059;103238.4476;527567.9113;0.558141458;3.05E-16;0.121994335
2003;AUT;0.640234375;0.370790771;1.18E-06;0.001028149;109342.605;101992.0016;233888.7454;0.552396033;0.078830013;0.289163384
2003;BEL;0.730371094;0.461123436;1.47E-06;-0.001008223;200681.0689;175032.7571;273165.8546;0.573170145;0.214804286;0.385543843
2003;BGR;0.648828125;0.457742914;1.60E-06;-2.70E-04;9391.07356;10928.73741;20117.13197;0.734586164;0.043644032;0.355583478
2003;BRA;0.625390625;0.187952652;5.41E-07;-4.66E-04;83307.24626;63637.21007;504215.4839;0.530633024;0;0.123806923
2003;CAN;0.630859375;0.298241842;1.07E-05;6.07E-04;324753.1756;277697.2775;792259.7725;0.47886388;0.069994771;0.23843531
2003;CHN;0.666015625;0.261190624;4.82E-06;-1.97E-05;485016.1477;422020.1482;1596653.907;0.615035298;0;0.211442213
2003;CYP;0.477832031;0.369748308;1.03E-05;5.77E-04;2752.519545;5495.712186;15053.91383;0.831625286;0.094383661;0.294212574
2003;CZE;0.731542969;0.483640599;1.26E-05;-9.04E-04;53603.64368;54904.77537;90436.65636;0.71016477;0.164508199;0.401847434
2003;DEU;0.662109375;0.273352803;2.79E-06;1.22E-04;839065.9504;670655.9697;2155284.322;0.444153417;0.003125538;0.212923522
2003;DNK;0.655859375;0.343862236;3.54E-06;4.43E-04;85723.88953;69948.60455;180368.2957;0.498780307;0.1288662;0.288603243
2003;ESP;0.711621094;0.339359006;3.87E-06;-7.39E-04;195988.3185;238769.467;886542.6228;0.721987936;0;0.243330028
2003;EST;0.568359375;0.423279973;3.08E-06;4.21E-04;5829.628298;6606.274869;10850.77906;0.652057041;0.120784155;0.362782466
2003;FIN;0.617578125;0.302370709;6.90E-06;-3.05E-05;61683.81868;48458.45108;140780.4747;0.515162816;0.004631151;0.2470243
2003;FRA;0.755859375;0.318299942;2.05E-06;0.001916005;427267.3844;402447.8444;1685735.787;0.555625714;0.001112222;0.226148623
2003;GBR;0.586328125;0.22013142;9.36E-06;-3.39E-04;443246.5915;441883.0519;1775141.691;0.49018618;0.004738152;0.174230811
2003;GRC;0.537890625;0.331762064;1.54E-05;-7.89E-04;26264.07584;57366.28945;214448.7785;0.780648507;0.125510793;0.262531273
2003;HUN;0.735058594;0.555410031;8.10E-06;-7.49E-05;46029.43666;50094.71827;82392.30497;0.770458553;0.222780467;0.439377089
2003;IDN;0.373925781;0.193466787;4.63E-06;-4.36E-04;73677.024;52966.54229;224184.9741;0.531952935;0.002824495;0.167936102
2003;IND;0.6;0.214449534;1.55E-05;-8.74E-04;88181.71299;86656.92136;600627.5499;0.747981854;0;0.144374521
2003;IRL;0.577734375;0.44399016;6.97E-06;4.34E-04;125481.4448;96366.19263;120381.6938;0.545775252;0.237834975;0.406396921
2003;ITA;0.701074219;0.280574048;1.62E-06;-4.18E-04;341425.323;334460.2086;1429106.473;0.579837919;0;0.195332313
2003;JPN;0.665234375;0.135918228;2.51E-06;2.79E-04;508743.9444;393676.234;4098694.595;0.468787633;0;0.091977039
2003;KOR;0.701074219;0.362773249;6.12E-06;-8.96E-04;223611.7559;193962.7438;589295.7101;0.638997268;0.015206735;0.297855172
2003;LTU;0.6;0.445182555;9.62E-06;6.73E-04;7706.114855;9191.955973;18832.7605;0.689190612;0.107347126;0.337172596
2003;LUX;0.690234375;0.589071246;1.29E-05;4.06E-04;33911.6453;28878.82776;22602.77452;0.629283485;0.467680691;0.552967018
2003;LVA;0.522265625;0.344395062;1.25E-05;-0.00114759;4269.960785;5449.885959;11841.75143;0.685748151;0.057336389;0.280540135
2003;MEX;0.702832031;0.386469183;2.25E-05;3.39E-04;168192.9161;170040.2327;688485.0167;0.637330157;0.119639196;0.30388652
2003;MLT;0.693359375;0.528550437;6.44E-06;3.17E-04;3059.045955;3638.929045;5250.780782;0.661870536;0.271215215;0.43712011
2003;NLD;0.686328125;0.398586258;1.11E-06;-2.23E-05;266519.6851;222165.9625;470138.6378;0.557811287;0.128718732;0.312471415
2003;POL;0.755859375;0.416071288;3.38E-06;0.002773891;71127.05379;73868.52404;208859.7007;0.668954731;0.044193004;0.286997374
2003;PRT;0.688671875;0.384535308;2.39E-05;3.87E-04;39403.39183;52010.68674;160004.9294;0.723857888;0.057862927;0.288326478
2003;ROM;0.549609375;0.357999578;3.88E-06;0.001430925;18960.54708;23491.87804;61050.26809;0.702099905;0.08826903;0.291780145
2003;RUS;0.028417969;0.097175545;1.27E-06;-8.15E-05;128799.0442;86035.81763;354442.7044;0.319818983;0;0.096733008
2003;RoW;0.496582031;0.318355063;7.32E-06;0.001278965;1308815.132;1469827.671;3897372.828;0.692688219;0.076428271;0.270960559
2003;SVK;0.787890625;0.565917782;1.03E-06;-0.002480818;24339.56125;24067.10256;32019.51301;0.696920968;0.276009925;0.466898687
2003;SVN;0.712792969;0.443246444;3.60E-06;-4.09E-04;14287.01245;14456.13812;27479.60204;0.612450959;0.171550107;0.359135995
2003;SWE;0.687890625;0.365641351;2.35E-06;-0.001253475;130882.2972;104826.9429;270777.2145;0.529379838;0.040006882;0.281391651
2003;TUR;0.687109375;0.338809158;1.09E-05;9.22E-04;53189.16485;66806.20872;302309.4846;0.852789126;0;0.240428039
2003;TWN;0.701074219;0.420508667;6.01E-06;-4.88E-04;172974.5516;142925.5725;275897.0802;0.569043575;0.189252295;0.376357059
2003;USA;0.6;0.136511708;1.00E-05;8.45E-04;945047.3284;1391176.225;1.16E+07;0.729418516;0;0.098174944
2002;AUS;0.469628906;0.163642115;1.49E-06;1.50E-04;82430.87309;85725.69365;407371.8963;0.546792072;0;0.127201682
2002;AUT;0.627734375;0.357538681;1.22E-06;6.25E-04;90534.7975;82047.73501;188727.6111;0.534198817;0.087374693;0.283002251
2002;BEL;0.720996094;0.461509105;2.61E-06;-4.09E-04;170547.5429;148688.6601;221265.3695;0.575195107;0.216826357;0.393143203
2002;BGR;0.644140625;0.445005841;1.65E-06;-6.20E-04;7064.93907;7993.224397;15463.85464;0.722776548;0.024344703;0.338413911
2002;BRA;0.619140625;0.196889759;9.26E-07;-7.83E-04;73652.59556;62298.82792;479588.0572;0.578775333;0;0.129773192
2002;CAN;0.647265625;0.314617921;1.02E-05;-2.96E-04;293340.3367;248272.0185;664046.6973;0.479972398;0.079934059;0.252614225
2002;CHN;0.650390625;0.224500197;4.92E-06;-2.38E-04;365404.4896;308463.6009;1410276.353;0.597072928;0;0.177947118
2002;CYP;0.480175781;0.367637883;1.45E-05;6.01E-04;2303.295668;4735.103622;12254.66692;0.81693036;0.106650157;0.294589234
2002;CZE;0.730957031;0.479390857;1.17E-05;7.50E-04;43184.00164;44180.7671;74490.59184;0.711177594;0.136998343;0.39309699
2002;DEU;0.655859375;0.267310077;2.25E-06;6.82E-04;695201.3519;547031.8749;1773984.124;0.434701738;0.002209226;0.208454899
2002;DNK;0.659765625;0.352300718;2.38E-06;-0.001293874;72415.78542;60285.70185;148223.2245;0.501280005;0.129073844;0.293816099
2002;ESP;0.697265625;0.33957342;3.18E-06;-9.44E-04;158476.8539;190692.8775;690202.1755;0.722862419;1.84E-16;0.244636367
2002;EST;0.713378906;0.523507332;6.11E-06;1.30E-04;4530.157915;5149.83355;7748.970131;0.72788966;0.190615299;0.431679013
2002;FIN;0.601171875;0.30543358;7.54E-06;2.31E-04;53089.83085;39039.11954;113693.8613;0.515225185;0.002126109;0.24949415
2002;FRA;0.759765625;0.324340045;1.84E-06;-0.001009126;366869.0995;338917.4545;1361082.583;0.549864213;0.001219252;0.231040636
2002;GBR;0.587890625;0.222161318;9.36E-06;-0.002516232;386747.8021;391838.9269;1543668.655;0.495220107;0.007957595;0.174443126
2002;GRC;0.588671875;0.391230033;2.31E-05;5.26E-04;19530.93184;46533.92058;165801.4411;0.825124534;0.154061935;0.300642044
2002;HUN;0.740917969;0.560533819;7.97E-06;-8.65E-04;37475.64577;39852.58873;65404.65;0.770214789;0.222107802;0.438070814
2002;IDN;0.379785156;0.212256426;4.88E-06;-5.60E-04;65533.69228;50158.93676;191703.7421;0.54618491;0.006807728;0.182334465
2002;IND;0.607421875;0.226731642;1.59E-05;2.39E-05;77841.12643;74883.58615;513912.9807;0.754342434;3.74E-16;0.147562697
2002;IRL;0.550390625;0.448286679;4.87E-06;-2.87E-04;104885.7731;80475.66488;91887.40674;0.541357546;0.271708812;0.41701218
2002;ITA;0.697265625;0.278977428;1.25E-06;-9.45E-04;289676.9734;280372.8447;1153495.078;0.56027568;0;0.194192726
2002;JPN;0.675390625;0.136351127;2.14E-06;-0.001163713;446074.5307;353103.8822;3806119.986;0.475721883;1.30E-16;0.091518058
2002;KOR;0.697265625;0.351906458;5.76E-06;-8.57E-04;186166.485;164700.9696;530535.9888;0.649639626;0.004664773;0.281064495
2002;LTU;0.608984375;0.448067345;8.37E-06;8.02E-05;5887.629946;7063.114222;14340.99545;0.694296379;0.110158046;0.339255288
2002;LUX;0.722167969;0.611496744;1.75E-05;-2.78E-04;27500.24423;24223.12188;18267.21215;0.644826116;0.506047953;0.577130617
2002;LVA;0.470800781;0.309666582;7.51E-06;6.01E-04;3536.301873;4288.250719;9673.891489;0.635921701;0.040580347;0.256760407
2002;MEX;0.714550781;0.386379714;2.26E-05;0.001248445;165015.3469;168269.4967;706166.7283;0.63708693;0.111291264;0.299632235
2002;MLT;0.687890625;0.533391589;5.22E-06;-0.001240782;2722.825147;3079.715179;4315.816076;0.651093474;0.280767487;0.443937991
2002;NLD;0.692578125;0.401186524;1.39E-06;-4.13E-04;222189.926;184656.7664;382162.0208;0.555000965;0.132702719;0.314025389
2002;POL;0.756640625;0.398853947;4.03E-06;-9.78E-05;55901.68955;60262.95301;192221.6466;0.684527733;0.037558362;0.264184972
2002;PRT;0.675390625;0.385219308;2.32E-05;-0.00189894;31937.37509;44343.79757;132773.1569;0.754890638;0.041622177;0.286832265
2002;ROM;0.540234375;0.346555553;3.38E-06;0.001113974;14965.50886;17610.5644;46552.70044;0.678296034;0.084161712;0.284131132
2002;RUS;0.009082031;0.08902781;1.30E-06;6.67E-04;104700.008;70062.75771;291455.6005;0.29509872;0;0.08951657
2002;RoW;0.502734375;0.313057012;6.68E-06;6.86E-04;1102602.173;1252451.881;3502244.217;0.699238534;0.067213934;0.262718452
2002;SVK;0.794140625;0.573661407;1.69E-06;-0.001924477;16402.09522;17703.81389;25054.60725;0.732193991;0.221571857;0.453890918
2002;SVN;0.719824219;0.446227701;2.49E-06;-0.00108405;11657.12105;11480.3333;21538.66534;0.606681701;0.185836128;0.363457063
2002;SWE;0.686328125;0.368777404;3.32E-06;-6.55E-04;106311.6771;85720.06557;216455.7512;0.537649763;0.038245697;0.285401436
2002;TUR;0.680859375;0.324239113;1.06E-05;0.001827645;42479.09972;49556.91602;228742.3609;0.79617442;0;0.232577526
2002;TWN;0.675390625;0.391503839;7.36E-06;-0.002171558;156577.8424;128581.8442;269523.4304;0.547267819;0.153200028;0.34897312
2002;USA;0.622265625;0.138870425;2.26E-06;-0.001213785;903145.9309;1281712.502;1.11E+07;0.693812162;2.58E-16;0.094420093
2001;AUS;0.483105469;0.164377621;1.66E-06;-0.001645665;80344.70151;75165.02775;357850.4484;0.507248078;0;0.127338618
2001;AUT;0.637890625;0.372673677;8.10E-07;-0.001580358;82279.57;78919.83621;178047.3424;0.557113602;0.084947247;0.290239614
2001;BEL;0.733300781;0.482555061;2.54E-06;6.70E-04;162421.3001;146747.6892;207806.9715;0.596848796;0.229162211;0.411535601
2001;BGR;0.663671875;0.458388867;2.33E-06;2.34E-04;6298.970055;7146.014932;13754.04926;0.725692356;0.06200131;0.353174965
2001;BRA;0.636328125;0.21444608;1.28E-06;-4.67E-04;67952.38711;71207.59381;524948.7217;0.679744045;0;0.135174091
2001;CAN;0.652734375;0.320618407;9.85E-06;9.19E-04;305527.0157;251390.9901;639453.2579;0.472406448;0.098746966;0.262153862
2001;CHN;0.655859375;0.211323493;4.45E-06;0.001349162;299418.6308;254919.0421;1291500.574;0.606117485;0;0.164546657
2001;CYP;0.505078125;0.392475691;1.30E-05;-5.56E-04;2290.774629;4402.200665;11168.90887;0.808721526;0.132283787;0.313016732
2001;CZE;0.716894531;0.490240374;7.11E-06;6.24E-04;37945.06749;39436.94014;61739.48365;0.725298687;0.127373099;0.39901007
2001;DEU;0.668359375;0.288105091;2.32E-06;2.11E-04;636044.3189;543158.2624;1702420.989;0.477100595;2.60E-04;0.2207979
2001;DNK;0.673828125;0.369194373;4.58E-06;-5.33E-04;68753.71762;56392.82017;135520.8895;0.515401727;0.148348896;0.311911687
2001;ESP;0.697265625;0.3556271;3.54E-06;-0.001310628;144886.6027;177717.6901;614327.3289;0.737816029;0;0.255936379
2001;EST;0.496582031;0.383989811;9.43E-06;1.68E-04;4159.169107;4409.531793;7253.066265;0.653870967;0.066682571;0.334410422
2001;FIN;0.6;0.303997582;8.47E-06;-4.39E-04;50362.37248;37248.94766;104350.8118;0.504828367;0.004115788;0.252407207
2001;FRA;0.762109375;0.335290383;1.94E-06;0.001164556;348539.9871;326535.269;1249702.372;0.563336546;6.99E-04;0.238976342
2001;GBR;0.597265625;0.235037831;8.74E-06;-0.001500642;368615.6042;369101.9534;1396650.19;0.508917157;0.012963896;0.183900229
2001;GRC;0.590234375;0.414182021;2.84E-05;0.001401882;19156.71434;42303.49184;144930.1034;0.782719964;0.174242297;0.324735879
2001;HUN;0.750390625;0.590377922;7.29E-06;-0.002205682;33065.22712;35449.81289;52760.47453;0.797488884;0.232026452;0.461197506
2001;IDN;0.330175781;0.229732526;5.62E-06;1.15E-04;64404.52442;48730.33103;155746.0478;0.530883618;0.030653585;0.204846929
2001;IND;0.625390625;0.225064542;1.38E-05;-3.29E-04;66875.41961;65686.08326;490299.2106;0.772395053;2.18E-16;0.14244452
2001;IRL;0.588671875;0.485927988;6.01E-06;7.60E-04;96846.79449;77624.12083;80829.90522;0.573430111;0.311715385;0.452061963
2001;ITA;0.699609375;0.292799964;1.17E-06;1.06E-04;278622.9269;266618.6948;1050612.052;0.576149024;0;0.202983864
2001;JPN;0.687890625;0.141553649;2.58E-06;-3.67E-04;433152.0758;364150.9063;3991520.168;0.511619499;0;0.092174728
2001;KOR;0.688671875;0.363561695;5.70E-06;3.27E-04;174125.4654;153240.2598;461091.7563;0.662106951;0;0.290699081
2001;LTU;0.638671875;0.464048413;9.92E-06;4.70E-04;5178.134829;6119.83123;12226.03114;0.68380397;0.133589059;0.352106566
2001;LUX;0.742675781;0.628044982;1.72E-05;7.10E-04;25487.49739;22774.63879;16441.06861;0.662807386;0.518923426;0.590327267
2001;LVA;0.505859375;0.318692275;7.57E-06;4.08E-04;3223.638182;3832.066553;8576.6118;0.629958862;0.0455424;0.258338677
2001;MEX;0.713378906;0.394359192;1.99E-05;2.02E-04;162550.578;167753.0277;675113.1231;0.648684567;0.111821611;0.3029091
2001;MLT;0.710449219;0.562062994;7.16E-06;-3.11E-04;2432.66008;2954.389474;4103.674311;0.69192155;0.301179591;0.467041929
2001;NLD;0.698828125;0.419847463;2.05E-06;-8.84E-04;210812.1023;178768.266;350403.0784;0.578241664;0.136970743;0.329162821
2001;POL;0.755078125;0.389535855;5.89E-06;-1.96E-04;51317.55556;55959.02231;185994.3515;0.70128542;0.022680196;0.254184705
2001;PRT;0.676171875;0.392346872;2.31E-05;0.001175916;29274.90307;42744.25078;122427.703;0.77986061;0.040833699;0.294912829
2001;ROM;0.511328125;0.345562551;4.73E-06;-3.67E-04;12503.77682;15604.3429;41954.28869;0.729635202;0.071689719;0.284089508
2001;RUS;0;0.094897221;1.42E-06;9.51E-04;96552.6466;59432.23935;250229.086;0.313716165;0;0.097648954
2001;RoW;0.506640625;0.297130913;6.50E-06;-4.99E-05;1089314.484;1176110.285;3462615.69;0.673419141;0.050556127;0.247258291
2001;SVK;0.787890625;0.575858878;1.78E-06;-0.002191974;14490.77189;15893.35326;21818.55213;0.737960526;0.226415677;0.457327725
2001;SVN;0.721582031;0.454404477;2.55E-06;8.84E-04;10317.84633;10558.60975;19437.7605;0.621816767;0.184055397;0.370249579
2001;SWE;0.690234375;0.38275882;3.67E-06;0.001297655;100696.1852;81785.02232;195954.9123;0.5507662;0.04781264;0.297917057
2001;TUR;0.655859375;0.304731183;6.36E-06;6.32E-04;42518.73257;44933.31134;205957.3387;0.726272442;0;0.217960838
2001;TWN;0.662890625;0.378583142;1.06E-05;-1.40E-04;145951.6671;123737.8859;269485.3594;0.536832912;0.160229984;0.342293379
2001;USA;0.627734375;0.141672042;2.62E-06;9.46E-04;924669.562;1252718.027;1.06E+07;0.684674532;0;0.098389326
2000;AUS;0.454394531;0.166815118;2.07E-06;0.001908085;90273.74643;83571.79432;376251.4077;0.512224459;0;0.132898917
2000;AUT;0.619921875;0.362292892;9.52E-07;3.77E-04;78442.82273;75856.15418;178951.7281;0.561579938;0.071246912;0.281874046
2000;BEL;0.731542969;0.485054728;2.18E-06;-0.001731986;161850.1871;147219.9575;208391.4283;0.596508169;0.228773184;0.415226888
2000;BGR;0.663671875;0.466936106;2.28E-06;5.51E-04;6339.866866;6601.363981;12258.74641;0.697947987;0.094593059;0.365260305
2000;BRA;0.626171875;0.193898528;1.17E-06;6.29E-05;64412.27851;71432.03616;612024.9184;0.730038216;2.26E-16;0.12026305
2000;CAN;0.657421875;0.332870752;1.02E-05;4.93E-04;319788.3388;263380.9376;646112.5158;0.480704572;0.099246066;0.270008729
2000;CHN;0.661328125;0.222459761;4.40E-06;-2.39E-05;279546.9881;234740.1311;1164834.202;0.617025345;2.08E-16;0.172360774
2000;CYP;0.531640625;0.417587719;1.12E-05;-4.45E-05;2173.264384;4242.130682;10854.75894;0.829718391;0.130787705;0.323044728
2000;CZE;0.711621094;0.48021852;6.09E-06;-6.10E-04;33723.87012;35362.21257;57043.33288;0.721965582;0.093618188;0.383546039
2000;DEU;0.667578125;0.292065799;2.51E-06;-3.11E-04;614536.8491;548615.6866;1741002.445;0.498244323;2.58E-04;0.221958639
2000;DNK;0.657421875;0.356103517;3.27E-06;1.19E-05;68026.87569;56304.49962;135982.0584;0.501921411;0.138962191;0.299857411
2000;ESP;0.704003906;0.37908725;3.94E-06;4.55E-04;140903.5071;175674.6976;589500.3164;0.772737464;0.006868731;0.27220576
2000;EST;0.644140625;0.485875999;5.79E-06;-4.58E-04;3801.33606;4096.485075;6077.423365;0.701396579;0.178050976;0.412658893
2000;FIN;0.619140625;0.331678636;1.02E-05;-3.10E-04;51607.93722;38668.46865;102241.5686;0.537562201;0.006258676;0.275196829
2000;FRA;0.759765625;0.343579562;2.33E-06;-0.001729879;349817.3194;329007.3611;1240773.214;0.576637202;1.48E-04;0.244172989
2000;GBR;0.594140625;0.242850393;9.23E-06;-0.001163988;378672.4356;372960.9424;1399652.786;0.517083737;0.010804372;0.18923578
2000;GRC;0.584765625;0.412891479;3.55E-05;-0.001786126;18109.46548;40427.12473;141715.4212;0.81220614;0.127608909;0.305268566
2000;HUN;0.762109375;0.618627299;7.11E-06;7.73E-04;30283.07134;33386.65801;47882.24101;0.834967213;0.239646902;0.479985192
2000;IDN;0.266748047;0.208494788;5.94E-06;-7.26E-04;65346.24729;47322.12399;158245.7906;0.491675413;0.043360237;0.190413486
2000;IND;0.6;0.218344121;5.28E-06;-5.88E-04;67708.29114;66742.15439;475482.2641;0.785216212;0;0.146384713
2000;IRL;0.577734375;0.483047646;8.26E-06;6.73E-04;88633.63979;72614.74084;76654.47445;0.572866288;0.301574857;0.447893915
2000;ITA;0.700488281;0.30121907;1.36E-06;2.02E-04;271816.6396;265066.1147;1036346.787;0.59761372;2.14E-16;0.208135024
2000;JPN;0.675390625;0.130047172;2.42E-06;-0.00376611;512774.7077;393855.2531;4532695.377;0.472088771;0;0.084310472
2000;KOR;0.690234375;0.372791603;6.08E-06;8.33E-04;199217.2776;173153.4718;486197.6091;0.654802834;0;0.297001946
2000;LTU;0.607421875;0.442888991;9.59E-06;2.23E-04;4403.013187;5338.125091;11542.88047;0.702917589;0.121050461;0.339435504
2000;LUX;0.722753906;0.620051537;1.72E-05;3.77E-04;26095.38097;22860.84514;15899.33543;0.656761369;0.512198644;0.583352271
2000;LVA;0.562109375;0.328197217;6.12E-06;1.69E-04;3038.653794;3394.637872;7853.099389;0.615181867;0.040524118;0.258394927
2000;MEX;0.687890625;0.395805981;1.87E-05;-0.003080345;170880.4244;173118.3598;632925.8273;0.652655261;0.105029165;0.303940617
2000;MLT;0.739746094;0.645509157;5.41E-06;-2.58E-04;2854.0371;3538.135735;4399.700605;0.778862332;0.353170357;0.525278942
2000;NLD;0.710449219;0.433558141;1.66E-06;-0.001242245;214498.0794;183369.4879;339053.4985;0.577814558;0.16783433;0.344629395
2000;POL;0.741503906;0.413899236;4.18E-06;4.78E-04;46634.02225;55163.60326;171262.6316;0.765170483;0.005911019;0.262645356
2000;PRT;0.680859375;0.400225268;1.44E-05;0.001300684;29622.07326;43173.78917;119737.004;0.776375736;0.04226044;0.300115612
2000;ROM;0.494824219;0.319049561;4.22E-06;-8.83E-04;11602.47669;13620.55735;38002.30738;0.671492411;0.049983137;0.267065407
2000;RUS;0;0.098263284;9.72E-07;0.00421197;98756.91533;50383.55027;193819.2247;0.26704972;0;0.101293632
2000;RoW;0.512890625;0.300659701;1.04E-05;-8.47E-04;1081819.672;1180522.01;3497115.335;0.681175969;0.066633101;0.250174385
2000;SVK;0.765234375;0.522494192;2.86E-06;0.001868141;13620.68796;13679.57571;19898.35712;0.683675151;0.204689358;0.426320443
2000;SVN;0.731542969;0.46623927;3.28E-06;-3.44E-05;9813.223233;10541.53323;19485.72009;0.650829206;0.156894612;0.368855894
2000;SWE;0.697265625;0.383971214;4.19E-06;-5.58E-04;110832.7889;89747.9801;213566.1736;0.543132229;0.054918619;0.298260889
2000;TUR;0.644140625;0.298698822;5.98E-06;-0.002445948;42466.72652;59045.72605;285000.2856;0.863025074;0;0.198781295
2000;TWN;0.662109375;0.395858006;8.55E-06;0.001902729;171728.8794;155143.6625;305064.8266;0.554807614;0.172044424;0.359712567
2000;USA;0.630859375;0.152007361;2.97E-06;0.001119293;982508.5952;1316038.533;1.03E+07;0.698533187;0;0.106211112
1999;AUS;0.469628906;0.169291084;2.33E-06;1.27E-04;82657.73042;85369.61768;401642.2487;0.572236167;0;0.130381899
1999;AUT;0.623828125;0.34646359;8.74E-07;-1.24E-06;78761.54591;77362.04039;197857.0354;0.549291095;0.048240879;0.263512853
1999;BEL;0.735644531;0.459286335;1.57E-06;9.33E-04;160458.5658;141951.6589;224291.7316;0.566947177;0.202020511;0.386880354
1999;BGR;0.617578125;0.470564637;4.16E-06;-8.30E-05;6949.756069;7204.363865;12531.33029;0.699912729;0.10619255;0.374586508
1999;BRA;0.637890625;0.183688951;9.50E-07;-0.002057424;55558.94453;60009.88848;560464.5812;0.670996966;0;0.110328047
1999;CAN;0.665234375;0.340507842;1.34E-05;0.001324601;276309.7035;238488.8346;601260.2737;0.490370165;0.116545304;0.273465267
1999;CHN;0.662109375;0.189595867;3.92E-06;0.002324683;218500.9487;177255.9041;1050600.98;0.578456812;2.66E-16;0.144175422
1999;CYP;0.466699219;0.356650922;7.54E-06;-0.00131231;2162.245147;4092.212092;11229.64487;0.779278514;0.094047579;0.28309642
1999;CZE;0.697265625;0.424712606;3.83E-06;-3.85E-04;30919.51447;31669.80181;59247.75758;0.670835646;0.017050527;0.331972798
1999;DEU;0.675390625;0.270121396;2.69E-06;-0.002632938;600302.8623;520999.8179;1952754.072;0.479778288;0;0.198309913
1999;DNK;0.680859375;0.32356302;2.50E-06;9.45E-04;63789.14184;52539.42918;148084.7549;0.463410578;0.118280408;0.267165741
1999;ESP;0.700488281;0.325122005;3.96E-06;8.68E-05;134697.5598;164268.9613;617804.9368;0.693904238;2.16E-16;0.23449894
1999;EST;0.659765625;0.478266878;5.44E-06;-0.00144994;3304.565322;3740.893189;6012.836114;0.698003849;0.150455446;0.395714121
1999;FIN;0.587890625;0.279767233;9.68E-06;-0.001861603;49564.39404;36014.11466;108589.2916;0.48241772;0;0.232469293
1999;FRA;0.750390625;0.30462323;2.21E-06;-6.76E-04;351545.1491;312844.666;1337767.514;0.523289579;0;0.212901334
1999;GBR;0.587890625;0.22626881;6.44E-06;-1.07E-04;365501.0049;356517.8114;1412873.314;0.502206733;2.98E-05;0.173076384
1999;GRC;0.607421875;0.352896523;2.25E-05;6.56E-04;16897.0862;37335.68868;152477.8793;0.816309614;0.116029142;0.246777573
1999;HUN;0.755859375;0.566222878;7.49E-06;0.001109815;26340.25384;29157.66169;48855.96311;0.797733147;0.177060303;0.42562218
1999;IDN;0.339550781;0.185553992;5.51E-06;2.24E-04;51848.51819;37259.63484;152232.3077;0.477383041;0.037004798;0.163286503
1999;IND;0.559765625;0.190584724;3.56E-06;-8.28E-04;55007.25421;59759.28484;465227.3649;0.842260836;0;0.128751286
1999;IRL;0.547265625;0.441947799;4.09E-06;-6.65E-04;79579.02715;63494.40068;75612.35147;0.539968842;0.257466276;0.408055985
1999;ITA;0.703417969;0.266694923;8.56E-07;-0.002295941;267446.1124;248998.5014;1117033.42;0.54787595;0;0.177152165
1999;JPN;0.650390625;0.110511751;1.44E-06;-5.93E-04;449039.9644;332977.6957;4248719.002;0.438403995;0;0.072730911
1999;KOR;0.688671875;0.341294023;6.27E-06;7.02E-04;166448.6521;130177.744;410783.1783;0.603837108;0;0.273576661
1999;LTU;0.590234375;0.41072105;6.87E-06;3.97E-04;3530.441933;4855.910844;11461.56674;0.712964372;0.077344574;0.309649069
1999;LUX;0.699902344;0.584256063;1.55E-05;-3.33E-05;24659.51873;21572.06919;16901.14169;0.619899971;0.473932237;0.547558004
1999;LVA;0.538671875;0.316403218;6.94E-06;5.36E-04;2697.957907;3166.02198;7396.155811;0.608924285;0.03831248;0.251847116
1999;MEX;0.699609375;0.39587451;1.74E-05;0.00185903;140102.4491;140646.907;527088.0382;0.649193549;0.09746292;0.302192789
1999;MLT;0.717480469;0.596829;1.60E-05;-2.68E-04;2486.676154;3136.085302;4396.682498;0.739395974;0.306544705;0.480982744
1999;NLD;0.701074219;0.413549049;1.17E-06;-6.20E-04;212322.0943;184993.3024;365732.5447;0.566048206;0.134203446;0.323904848
1999;POL;0.719824219;0.340004326;1.32E-06;-5.59E-04;40164.01398;47847.68808;166385.5679;0.672746424;0;0.211554404
1999;PRT;0.665234375;0.36831651;1.42E-05;0.001853989;29866.78354;43418.06506;127450.5093;0.749817411;0.02981505;0.279530222
1999;ROM;0.502734375;0.28615069;5.16E-06;9.44E-04;9671.496321;11308.97597;36470.30033;0.664505491;0.043110166;0.235331692
1999;RUS;0;0.10343689;1.91E-06;-0.00546269;73610.60082;40972.58719;151148.7584;0.280694227;0.002290617;0.104046241
1999;RoW;0.489550781;0.288661752;4.75E-06;6.71E-04;824736.1447;1054353.076;3486683.834;0.779962198;0.011534522;0.235407544
1999;SVK;0.750390625;0.475931133;5.02E-06;-0.002408475;11639.41448;12105.04929;20114.06969;0.653538033;0.141777816;0.37987609
1999;SVN;0.712207031;0.433885677;3.16E-06;3.75E-04;9573.697772;10471.02854;21511.93815;0.642520993;0.121241093;0.339751504
1999;SWE;0.674609375;0.357859938;2.81E-06;4.24E-04;107075.3211;85453.43044;222384.696;0.537564153;0.039308473;0.279441622
1999;TUR;0.649609375;0.260932921;4.65E-06;0.002427446;40944.05528;45700.19257;257564.5237;0.692723594;0;0.17253355
1999;TWN;0.637890625;0.365833084;7.92E-06;-0.001804268;140576.3744;125228.8905;282906.4881;0.541817309;0.131793859;0.325597454
1999;USA;0.623828125;0.135320108;2.17E-06;-4.96E-04;889289.0804;1111816.713;9609265.675;0.641615524;2.62E-16;0.094527219
1998;AUS;0.449609375;0.160477152;2.23E-06;1.39E-04;71546.42096;74824.57618;370147.3469;0.590668593;0;0.126137094
1998;AUT;0.632421875;0.351232278;1.15E-06;1.94E-04;77143.12285;76640.27493;200346.417;0.561331093;0.040122098;0.264772967
1998;BEL;0.730957031;0.459759359;1.45E-06;4.42E-04;162774.1136;144436.8326;226313.4507;0.567811906;0.208721207;0.389237256
1998;BGR;0.637890625;0.41502417;6.49E-06;-0.001649444;5779.999576;5314.216899;11781.53523;0.648516119;0.068222779;0.320082033
1998;BRA;0.624609375;0.143899603;8.00E-07;0.002374303;58540.88168;70462.45931;811565.141;0.689069707;0;0.086886491
1998;CAN;0.669140625;0.34542147;1.24E-05;-1.03E-04;244423.6825;218842.6943;570410.0426;0.503662043;0.109824;0.273722607
1998;CHN;0.649609375;0.166561604;2.97E-06;0.004020159;207431.4183;152027.7865;971775.1186;0.509989093;2.81E-16;0.127288864
1998;CYP;0.471386719;0.367605661;3.67E-06;-7.40E-05;2095.224018;4033.883796;11033.01912;0.800203406;0.080464724;0.283158645
1998;CZE;0.694921875;0.419735407;2.67E-06;4.19E-05;30641.16817;31512.80981;61100.00959;0.683282205;0.003429939;0.322928519
1998;DEU;0.669140625;0.258264307;2.22E-06;-0.001908885;600858.4806;510269.0449;1986871.089;0.462714452;2.91E-16;0.189497095
1998;DNK;0.672265625;0.334424472;3.04E-06;-0.001032713;59002.91942;52477.11548;151669.2159;0.508425374;0.082469055;0.269948902
1998;ESP;0.694140625;0.311558533;5.75E-06;-0.001318851;132596.0396;150396.2841;592499.1264;0.658655125;2.19E-16;0.224437793
1998;EST;0.638671875;0.48030218;2.63E-06;2.18E-04;3484.31168;4203.450652;6250.227453;0.717427514;0.133079468;0.398557771
1998;FIN;0.6;0.282801436;8.86E-06;6.13E-05;48939.29474;36485.12293;109403.4611;0.481694615;9.57E-04;0.232008614
1998;FRA;0.755859375;0.30607658;1.86E-06;4.02E-04;356010.326;308308.4108;1343417.955;0.513756108;0;0.215768427
1998;GBR;0.601171875;0.230984489;5.71E-06;4.71E-04;360645.8376;345103.0274;1368522.976;0.498090992;1.38E-04;0.174818234
1998;GRC;0.612890625;0.349752028;2.98E-05;-8.62E-04;11700.45204;32574.07397;149687.0662;0.920970283;0.063122128;0.222637176
1998;HUN;0.729199219;0.545192144;6.84E-06;-8.32E-04;24583.80739;27128.31508;48309.56354;0.809597339;0.13050961;0.400237436
1998;IDN;0.316699219;0.233744696;1.12E-05;-7.29E-04;49432.22666;36952.92651;100351.3302;0.464612042;0.058184879;0.211809694
1998;IND;0.530859375;0.162119403;1.48E-06;0.001050573;49617.25242;52971.8073;435023.4668;0.771030971;1.47E-16;0.113350591
1998;IRL;0.549609375;0.429701518;5.18E-06;6.37E-04;67689.9615;55125.43712;70640.97215;0.540315736;0.230408354;0.393736443
1998;ITA;0.704003906;0.268307828;6.42E-07;4.18E-04;279199.7206;245836.9586;1121118.087;0.53404785;0;0.177115854
1998;JPN;0.644140625;0.113042533;1.27E-06;-9.48E-04;422241.1571;305787.9182;3742990.907;0.437750063;2.76E-16;0.074745504
1998;KOR;0.675390625;0.330673768;6.77E-06;-0.002094799;154804.5036;106221.7581;306462.6775;0.544537738;0.002786804;0.280125304
1998;LTU;0.587109375;0.426201686;8.98E-06;9.37E-04;4172.678297;5658.863696;11910.40788;0.703712221;0.101592688;0.331280984
1998;LUX;0.698828125;0.579625418;1.55E-05;-1.18E-04;21319.36192;18844.84493;15846.17882;0.618242334;0.461095137;0.540967663
1998;LVA;0.552734375;0.358935636;5.76E-06;0.001051145;2815.455854;3445.589372;6987.917667;0.642175092;0.033826394;0.286187746
1998;MEX;0.693359375;0.390936584;1.74E-05;0.001714408;121689.7673;124555.8212;466347.7972;0.65843394;0.082931001;0.294106299
1998;MLT;0.722167969;0.588795179;7.21E-06;-3.76E-04;2297.177712;2924.439122;4318.27557;0.738666945;0.286345459;0.46794054
1998;NLD;0.698828125;0.410337865;1.10E-06;-0.001081567;207986.0736;178706.4209;356685.8149;0.563589742;0.124474971;0.320991436
1998;POL;0.687890625;0.320670901;1.81E-06;-1.49E-04;44720.55199;50367.11598;169413.7412;0.638533575;0;0.210882483
1998;PRT;0.673828125;0.374752346;1.26E-05;-7.57E-04;29811.21922;41710.36707;123401.3385;0.769216247;0.028498333;0.283240802
1998;ROM;0.548828125;0.311196215;5.94E-06;-0.001167464;9329.596716;12425.02012;42986.26961;0.792055521;0.013046418;0.2357143
1998;RUS;0;0.084482167;1.29E-06;0.003959671;91285.05915;63704.54063;289317.2561;0.321197459;7.97E-17;0.088038289
1998;RoW;0.466699219;0.277582512;2.72E-06;-0.00115531;643545.4012;1012170.875;3589887.003;0.90268397;3.62E-16;0.221861574
1998;SVK;0.746191406;0.488647641;9.73E-06;9.84E-05;12467.78158;14211.73492;23430.39454;0.704857793;0.120176079;0.390797079
1998;SVN;0.720996094;0.44313563;2.40E-06;-7.03E-04;10013.91034;10389.18147;20586.45448;0.631854772;0.123236507;0.345764172
1998;SWE;0.662109375;0.343922417;3.33E-06;0.001556191;104969.3781;83083.10339;218553.1596;0.524980192;0.040737596;0.272620517
1998;TUR;0.612890625;0.251176612;2.94E-06;-5.62E-04;45068.07537;49810.63255;270332.8691;0.650615308;4.84E-16;0.167771383
1998;TWN;0.618359375;0.369155008;6.90E-06;3.02E-04;129585.4359;118725.5715;265147.1495;0.556645042;0.134042774;0.329692716
1998;USA;0.612109375;0.125923311;1.90E-06;7.60E-04;864155.9129;987743.8527;8948873.967;0.595087742;2.69E-16;0.089797481
1997;AUS;0.427734375;0.155970911;3.93E-06;4.85E-04;85657.67315;82714.63672;409463.087;0.557774713;3.40E-16;0.125563099
1997;AUT;0.619140625;0.3475416;1.06E-06;-0.001421847;71205.54041;73026.51982;197266.4123;0.583209131;0.03389318;0.258997564
1997;BEL;0.723925781;0.460742575;1.71E-06;6.42E-04;164690.6845;143810.0966;218800.4201;0.565268601;0.222322385;0.395146882
1997;BGR;0.716894531;0.466954166;3.54E-06;4.95E-04;6196.350183;5302.774964;9774.112167;0.64200876;0.139815682;0.372118487
1997;BRA;0.6;0.139045442;6.74E-07;-4.31E-04;59446.55245;73317.60839;838911.4643;0.717651259;2.45E-16;0.084371983
1997;CAN;0.661328125;0.335984755;1.31E-05;-2.57E-04;240964.0644;215113.2362;589860.2739;0.509357142;0.089790807;0.262449063
1997;CHN;0.624609375;0.181740643;2.49E-06;0.00163873;207239.2135;152472.9308;906726.5527;0.549709946;0;0.139330525
1997;CYP;0.491308594;0.400444542;4.36E-06;-9.52E-05;2076.421043;4019.550981;10386.33327;0.831993975;0.091165343;0.307638587
1997;CZE;0.636328125;0.404606649;2.05E-06;-2.53E-04;26967.13733;29732.22021;58586.87296;0.741126483;2.70E-16;0.313359843
1997;DEU;0.665234375;0.253408417;2.05E-06;6.29E-04;569372.663;483107.5825;1967672.119;0.466783017;0;0.185483066
1997;DNK;0.661328125;0.324005334;2.38E-06;-6.52E-04;59901.04041;50842.6571;146919.6243;0.491018585;0.081674316;0.263853533
1997;ESP;0.682421875;0.29767029;4.93E-06;1.10E-04;125440.9233;135377.5676;559745.9497;0.648744188;0;0.216921857
1997;EST;0.663671875;0.492806872;2.07E-06;1.81E-04;3067.436959;3766.490322;5537.228075;0.720328023;0.125469404;0.397468071
1997;FIN;0.613671875;0.302671267;9.69E-06;3.05E-04;46493.84444;35691.45949;104445.6647;0.510710685;0.001558332;0.246867851
1997;FRA;0.745605469;0.298410096;1.59E-06;-2.43E-04;338361.9538;287321.7819;1295748.436;0.513535849;0.004570643;0.209317814
1997;GBR;0.612109375;0.244287238;5.46E-06;0.001072933;362418.1113;330836.7901;1254296.44;0.497118264;0.001335583;0.18684517
1997;GRC;0.631640625;0.35481353;2.99E-05;-5.96E-04;11542.93582;30845.72429;147126.5306;0.933936907;0.058461713;0.223355357
1997;HUN;0.703417969;0.49184816;4.90E-06;-0.001907453;20632.60493;22427.26055;46021.53416;0.795663195;0.047578793;0.348159228
1997;IDN;0.397363281;0.197663774;7.49E-06;-6.80E-04;64405.78675;60132.03318;277335.7507;0.652161071;1.13E-16;0.154432936
1997;IND;0.530859375;0.151842391;1.35E-06;0.001416998;47568.32646;49032.76208;428621.1045;0.752895656;1.53E-16;0.10366568
1997;IRL;0.612109375;0.429365777;5.34E-06;1.07E-04;58755.98122;46212.12153;63627.42298;0.535112328;0.229764096;0.385297856
1997;ITA;0.698144531;0.263584835;7.46E-07;8.01E-04;273709.3201;232698.1985;1094974.711;0.529250141;1.06E-16;0.175308746
1997;JPN;0.627734375;0.120147314;1.71E-06;8.81E-04;464289.4367;364293.5556;4142119.649;0.491474225;0;0.080094126
1997;KOR;0.674609375;0.349409677;6.61E-06;2.85E-04;168162.0241;157672.5768;513109.4799;0.692042734;1.73E-16;0.277225891
1997;LTU;0.582421875;0.430691143;8.95E-06;5.31E-04;4464.893428;5563.631869;10525.90197;0.656373982;0.129862143;0.342473081
1997;LUX;0.679296875;0.557255213;1.29E-05;2.78E-04;19442.80068;16946.4129;15056.61469;0.597816493;0.435253409;0.517461265
1997;LVA;0.522265625;0.336577774;2.85E-06;-3.06E-04;2550.038065;2864.465508;6221.380604;0.618414591;0.019387016;0.260162061
1997;MEX;0.680078125;0.371740539;1.64E-05;-2.28E-04;113398.0401;108932.4235;434114.0487;0.649755327;0.076925038;0.280033639
1997;MLT;0.711621094;0.581084688;7.95E-06;-1.28E-04;2044.273041;2760.722234;4160.893656;0.74194781;0.262210101;0.452518792
1997;NLD;0.691796875;0.412013625;1.25E-06;2.70E-04;206768.1507;174567.5006;339191.0767;0.564305526;0.137457727;0.3281454
1997;POL;0.672265625;0.287282942;1.34E-06;-7.68E-04;36927.2736;40806.63754;152612.5772;0.620490443;0;0.186682304
1997;PRT;0.661328125;0.365489957;1.25E-05;-2.74E-05;28310.24239;37903.74341;115372.0384;0.767201876;0.01146823;0.278865082
1997;ROM;0.574609375;0.329561224;4.80E-06;0.002451901;9716.802367;11887.9487;37148.0031;0.780589442;0.012429179;0.258796529
1997;RUS;0;0.067788616;9.32E-07;-0.005384195;87131.37815;69744.81281;381502.4192;0.34637354;0;0.068562746
1997;RoW;0.369042969;0.24994861;3.31E-06;4.26E-04;635985.0744;1044709.857;3779140.573;0.935905189;0;0.209457323
1997;SVK;0.726269531;0.470204682;1.78E-05;1.97E-05;11021.22792;12608.45768;22225.80509;0.726547538;0.079181821;0.371711167
1997;SVN;0.710449219;0.435273116;2.67E-06;-3.71E-04;9365.768662;9752.392584;19635.9712;0.637238341;0.102806138;0.338151296
1997;SWE;0.662109375;0.331255964;3.24E-06;2.60E-04;101699.7712;78082.05815;215802.5154;0.511944402;0.037187144;0.262969002
1997;TUR;0.605859375;0.274343825;2.12E-06;6.74E-04;44182.52044;52401.37994;266665.3007;0.728497829;1.65E-16;0.173216514
1997;TWN;0.625390625;0.367782751;7.45E-06;-4.54E-04;141549.7847;126404.9276;285142.09;0.550777185;0.130575034;0.329798357
1997;USA;0.605859375;0.131387898;1.83E-06;0.001117248;902571.356;969989.9143;8439901.663;0.580446969;0;0.09563836
1996;AUS;0.459667969;0.158732962;5.59E-06;-1.40E-04;83143.70625;76231.17662;403683.8398;0.553523336;0;0.122579044
1996;AUT;0.605859375;0.338426943;1.26E-06;7.27E-04;71629.42041;77186.74942;225115.0756;0.614202982;0.025123837;0.249929945
1996;BEL;0.723925781;0.456075572;1.98E-06;2.82E-04;173479.3799;152499.6371;242873.7006;0.565090739;0.215732765;0.389648174
1996;BGR;0.687890625;0.418427083;3.86E-06;-5.77E-04;7358.520603;6176.155593;12589.07568;0.614493003;0.074094187;0.331963287
1996;BRA;0.590234375;0.135508469;6.54E-07;5.23E-04;55162.19728;66099.97388;804175.3662;0.735443354;2.64E-16;0.082586853
1996;CAN;0.662109375;0.315213465;1.22E-05;0.001610019;227124.7032;191782.1966;557047.9102;0.481395868;0.085894815;0.248216322
1996;CHN;0.675390625;0.194932978;3.81E-06;-0.00422802;171683.6608;143958.4356;835133.8631;0.579836172;0;0.142308696
1996;CYP;0.469042969;0.38761325;3.80E-06;-3.14E-04;2132.448335;4188.432093;10875.51426;0.816355873;0.081266679;0.293533376
1996;CZE;0.6;0.367128347;1.65E-06;-2.77E-04;27102.95534;30603.80707;63209.35849;0.714128339;0;0.281967455
1996;DEU;0.669140625;0.243208965;1.94E-06;-0.002306732;581114.497;498306.4962;2228111.857;0.470984576;0;0.173838954
1996;DNK;0.675390625;0.323688643;2.93E-06;-0.002146917;64834.83204;53513.5597;157450.586;0.476340047;0.083229343;0.261881051
1996;ESP;0.680859375;0.282022563;5.61E-06;0.002314547;121019.9069;133889.7111;610227.7832;0.667689457;0;0.204349587
1996;EST;0.637890625;0.473524935;1.42E-06;-9.37E-04;2402.301004;3144.991325;5250.461392;0.753895149;0.095695846;0.372365953
1996;FIN;0.606640625;0.293949563;9.37E-06;-6.25E-04;46729.95835;36045.81386;109446.4255;0.509030383;1.53E-04;0.24007531
1996;FRA;0.740917969;0.29266849;1.55E-06;-7.87E-04;339102.4332;302975.8419;1446853.165;0.538440415;0.002355545;0.200869674
1996;GBR;0.598828125;0.256730253;6.04E-06;-1.01E-04;334168.1811;313056.0074;1139229.337;0.524997915;0.00943915;0.19849303
1996;GRC;0.6;0.306928608;2.48E-05;1.24E-04;10151.8077;29656.00415;151374.3201;0.941213782;0.034531632;0.191457264
1996;HUN;0.626171875;0.419649267;2.61E-06;5.50E-04;17439.83085;19801.57442;45337.04271;0.809340879;0.004626179;0.296590583
1996;IDN;0.337207031;0.177358736;6.55E-06;9.79E-04;61053.57409;58053.24763;277542.7109;0.645471498;0;0.144495305
1996;IND;0.537890625;0.15416725;9.41E-07;-3.40E-04;44308.73586;45931.41721;394867.2874;0.732020628;0;0.104143928
1996;IRL;0.617578125;0.433750433;7.97E-06;-4.50E-05;52335.35244;41997.39249;58906.43571;0.54140046;0.230145648;0.386284826
1996;ITA;0.688671875;0.252528816;7.46E-07;5.07E-05;284159.0377;232407.0025;1148930.419;0.513182255;0;0.168852147
1996;JPN;0.622265625;0.11145434;1.34E-06;-0.001131992;455957.5842;378258.2867;4543004.758;0.504778514;1.28E-16;0.073697177
1996;KOR;0.649609375;0.317875753;5.71E-06;0.001174655;154773.7847;157516.0102;554234.9279;0.710182464;0;0.250442923
1996;LTU;0.584765625;0.421238634;7.23E-06;-6.13E-04;3562.316043;4409.395423;8824.306272;0.692825911;0.091739153;0.331979498
1996;LUX;0.638671875;0.510939039;7.04E-06;6.18E-04;20028.55715;16564.07421;16107.99477;0.55658088;0.385594353;0.472631902
1996;LVA;0.452050781;0.332977323;1.30E-06;4.11E-04;2300.413295;2566.324438;5614.221063;0.638845608;0.016058085;0.269111807
1996;MEX;0.649609375;0.344285442;1.54E-05;0.00123799;99275.95422;89773.4419;356026.9034;0.615419962;0.070088861;0.265008092
1996;MLT;0.704003906;0.604960132;1.13E-05;3.20E-04;2118.262669;2989.78809;4382.631644;0.763829777;0.272056969;0.475563537
1996;NLD;0.680859375;0.395289236;1.13E-06;9.82E-04;217152.7181;184335.7634;367781.1354;0.5532535;0.126246198;0.317664287
1996;POL;0.695800781;0.290858942;3.21E-06;0.001672561;34981.32934;35401.54585;148532.5362;0.614259722;2.08E-16;0.184124416
1996;PRT;0.655859375;0.357571861;1.18E-05;0.002475034;29019.01898;38006.28633;119754.4895;0.765400074;0.014093848;0.274376102
1996;ROM;0.562109375;0.321223176;4.27E-06;0.001597493;9424.892373;12150.28824;38844.29106;0.86761669;0.006371172;0.254231101
1996;RUS;0;0.065473974;4.09E-07;0.001455997;89997.79085;66316.47807;366586.9194;0.309662942;1.62E-16;0.066575589
1996;RoW;0.459082031;0.28621377;3.17E-06;9.52E-04;776487.3736;1117278.992;3651165.057;0.811860515;0;0.23351654
1996;SVK;0.694921875;0.473970179;2.11E-06;1.88E-04;10209.78794;12268.0236;22565.62671;0.781433009;0.03073236;0.364940142
1996;SVN;0.702832031;0.423502847;2.68E-06;8.52E-04;9285.342012;9722.747952;20034.7914;0.636856625;0.083925352;0.330205516
1996;SWE;0.648828125;0.313750829;3.57E-06;-1.86E-04;102366.6961;79890.61551;237781.8519;0.509720083;0.024129856;0.248115782
1996;TUR;0.577734375;0.250626444;3.44E-06;0.001053711;35392.84755;45857.66369;253691.2793;0.761405432;0;0.154907376
1996;TWN;0.624609375;0.358585535;7.31E-06;8.47E-04;133807.5701;116964.7279;271537.5777;0.550680527;0.115016022;0.319610259
1996;USA;0.602734375;0.131264063;1.69E-06;0.001294211;816263.6194;892267.2218;7952293.129;0.598855157;0;0.094813494
1995;AUS;0.328417969;0.141396257;4.34E-06;-0.001116738;73925.30251;70489.1346;365670.6823;0.578799348;0;0.122047429
1995;AUT;0.601171875;0.325053324;1.67E-06;3.21E-04;70221.19148;75260.69701;229063.5025;0.610565318;0.021393016;0.238543125
1995;BEL;0.726855469;0.454513703;1.78E-06;-1.46E-04;177513.7334;155354.0442;250444.0181;0.562599142;0.213235658;0.386942858
1995;BGR;0.726269531;0.446548518;3.63E-06;3.35E-04;5721.267127;5490.238236;12927.70291;0.696476366;0.043885865;0.321844723
1995;BRA;0.562109375;0.124466299;4.18E-07;0.001909657;55919.07667;63624.57394;732545.7495;0.663283051;0;0.078678107
1995;CAN;0.662109375;0.321092607;1.39E-05;0.001293728;212586.2474;183666.0116;540625.8928;0.490691464;0.083408251;0.250610933
1995;CHN;0.662109375;0.209972441;4.18E-06;5.25E-04;167973.8258;142146.1832;708549.5239;0.577516455;0;0.15726937
1995;CYP;0.443359375;0.356604911;6.44E-06;6.71E-05;2020.35783;3903.819594;10594.49838;0.771218893;0.078559205;0.27110695
1995;CZE;0.644140625;0.38871066;3.25E-06;-8.08E-04;25501.35644;27596.01642;55608.07591;0.703075414;0;0.298510684
1995;DEU;0.669140625;0.241677693;1.76E-06;-5.40E-04;577907.2126;504027.5451;2316427.374;0.482157094;0;0.170956199
1995;DNK;0.676171875;0.326433345;2.69E-06;1.35E-04;63435.72017;53811.49765;157507.8665;0.484231694;0.075096568;0.262862715
1995;ESP;0.687890625;0.286729442;4.56E-06;-9.99E-04;109520.28;124770.1182;588779.2591;0.701509299;2.66E-16;0.205461903
1995;EST;0.649609375;0.469233145;1.13E-06;0.001144771;2167.330895;2546.418042;3993.295807;0.71579395;0.089228935;0.376052631
1995;FIN;0.6;0.288591046;9.46E-06;3.77E-04;46602.19276;35247.6711;110996.6247;0.507693846;0.002678838;0.233977076
1995;FRA;0.735644531;0.283707123;2.37E-06;0.001920633;334641.9536;302123.14;1435498.913;0.529575889;0.00197242;0.194867403
1995;GBR;0.592578125;0.251158428;5.20E-06;-2.37E-04;302968.852;286045.4014;1087567.19;0.531256017;0.001094689;0.192776627
1995;GRC;0.594140625;0.301766455;2.76E-05;-5.08E-05;9809.700848;27379.00219;142931.265;0.942329124;0.033614088;0.188845959
1995;HUN;0.648828125;0.417273086;4.10E-06;-5.62E-04;16317.30961;18351.74507;44123.30835;0.79018487;0.005016659;0.287960526
1995;IDN;0.401171875;0.199898674;9.29E-06;3.14E-04;54138.45938;52847.54595;242448.2825;0.643335683;0;0.153979216
1995;IND;0.547265625;0.154953394;8.93E-07;-8.79E-04;42190.44811;43742.13845;372604.4181;0.739094682;0;0.104633531
1995;IRL;0.605859375;0.432154669;8.65E-06;2.39E-04;47267.14357;37802.95242;53031.92951;0.540145035;0.214232469;0.385284739
1995;ITA;0.699609375;0.277604092;6.82E-07;8.28E-04;264094.0537;228255.4487;1038030.084;0.550116771;0;0.186844915
1995;JPN;0.622265625;0.094963245;9.69E-07;-0.001007192;483962.0227;361449.0281;5129857.987;0.453359366;0;0.062708532
1995;KOR;0.624609375;0.29666644;5.09E-06;6.82E-04;148197.7393;140581.4309;507108.5519;0.667776104;1.96E-16;0.238914075
1995;LTU;0.576171875;0.41565414;5.91E-06;8.40E-04;2833.935998;3526.513506;7078.888485;0.701180832;0.063693642;0.326955139
1995;LUX;0.622265625;0.487711839;4.82E-06;-9.60E-04;19400.98943;15701.54881;15950.53611;0.530455324;0.365820615;0.451163917
1995;LVA;0.412109375;0.301416561;9.28E-07;3.52E-04;1908.484201;2022.776806;4777.441884;0.611866051;0.012297495;0.24989142
1995;MEX;0.675390625;0.337547562;2.04E-05;-8.56E-04;80757.94737;71714.19744;309626.0159;0.602444017;0.078837265;0.260738442
1995;MLT;0.718066406;0.638832283;1.94E-05;3.14E-04;2216.041599;3077.557743;4312.574284;0.791741658;0.315905645;0.507861563
1995;NLD;0.673828125;0.39064013;8.84E-07;-4.35E-04;218027.0858;183512.6202;367665.06;0.546108276;0.121780427;0.314020059
1995;POL;0.708105469;0.271121263;3.32E-06;-0.00150729;32273.09067;27947.92359;127271.9549;0.536400662;0;0.172077082
1995;PRT;0.652734375;0.358906167;1.16E-05;4.72E-04;27640.93422;36177.39647;114843.4791;0.771039401;0.013460309;0.275352244
1995;ROM;0.562109375;0.295587767;4.56E-06;0.001034926;9015.426508;10941.06868;38474.9626;0.791131012;0.005496663;0.23283325
1995;RUS;0;0.072049919;8.75E-07;0.005238662;82173.13337;64887.05587;306832.6605;0.310461421;0;0.073927744
1995;RoW;0.468457031;0.294151698;3.10E-06;0.001468911;701304.8023;1059345.142;3458102.245;0.856033815;0;0.23595787
1995;SVK;0.612109375;0.37921763;2.14E-06;5.03E-04;10351.61692;9971.941132;18649.92648;0.618875736;0.007995523;0.310248249
1995;SVN;0.710449219;0.438674217;2.97E-06;-6.82E-04;9272.355927;9797.411315;19915.21937;0.651582226;0.079333358;0.338437677
1995;SWE;0.649609375;0.323148616;3.74E-06;0.001434077;96725.52382;75831.34947;217487.3568;0.518762593;0.023925027;0.2565442
1995;TUR;0.588671875;0.235406868;2.78E-06;1.32E-04;28373.26032;36307.75215;231600.4013;0.794891597;2.56E-16;0.138406195
1995;TWN;0.626171875;0.37005276;9.55E-06;0.00100908;126915.3012;115491.2051;260790.0727;0.580912098;0.111821381;0.330139418
1995;USA;0.612109375;0.133217053;1.69E-06;0.001283155;765225.3694;836252.8145;7520856.102;0.598193982;0;0.095514261
